date,campaign_name,mktng_pgm_nbr,sendout,delivered,people,unique_delivered,openers,clickers,clicked_or_opened,all_opens,all_clicks
2021-12-31,Newsletter_prenatal_WithApp,US,152694,151834,153433,151834,38522,2726,38601,45520,3554
2021-12-31,Newsletter_postnatal_NohApp,US,61709,61371,61753,61371,13775,1242,13854,16808,1614
2021-12-31,Hello_Email_postnatall_NoApp,US,0,0,4,0,4,0,4,4,0
2021-12-31,Newsletter_postnatal_NoApp,US,103974,103210,104423,103210,20948,1323,21108,24391,1885
2021-12-31,Hello_Email_prenatal_NoApp,US,0,0,20,0,20,1,20,26,1
2021-12-31,Hello_Email_prenatal_WithApp,US,0,0,1,0,1,0,1,1,0
2021-12-31,,US,353,342,522,342,339,80,342,466,98
2021-12-31,Hello_Email_postnatal_WithApp,US,0,0,12,0,12,0,12,18,0
2021-12-30,Newsletter_postnatal_NoApp,US,0,0,719,0,714,24,716,917,39
2021-12-30,,US,392,376,588,376,401,105,407,560,123
2021-12-30,Hello_Email_postnatal_WithApp,US,0,0,13,0,13,0,13,14,0
2021-12-30,Newsletter_prenatal_WithApp,USA,0,0,1316,0,1318,44,1318,1703,56
2021-12-30,Hello_Email_prenatal_NoApp,US,0,0,18,0,18,0,18,20,0
2021-12-30,Hello_Email_postnatall_NoApp,US,0,0,5,0,5,0,5,6,0
2021-12-30,Newsletter_postnatal_NohApp,US,0,0,442,0,440,25,441,640,30
2021-12-29,Newsletter_prenatal_WithApp,US,0,0,1527,0,1529,49,1535,1988,55
2021-12-29,Hello_Email_postnatall_NoApp,US,0,0,6,0,5,0,5,5,0
2021-12-29,Hello_Email_postnatal_WithApp,US,0,0,19,0,19,0,19,22,0
2021-12-29,Newsletter_postnatal_NoApp,US,0,0,967,0,964,39,967,1166,48
2021-12-29,Newsletter_postnatal_NohApp,US,0,0,543,0,540,28,540,788,34
2021-12-29,Hello_Email_prenatal_WithApp,US,0,0,1,0,1,0,1,1,0
2021-12-29,,US,435,411,629,411,431,119,435,576,143
2021-12-29,Hello_Email_prenatal_NoApp,US,0,0,12,0,12,0,12,17,0
2021-12-28,Hello_Email_postnatall_NoApp,US,0,0,5,0,5,0,5,6,0
2021-12-28,Newsletter_prenatal_WithApp,usa,0,0,2150,0,2145,92,2154,2769,123
2021-12-28,Hello_Email_prenatal_NoApp,US,0,0,25,0,24,2,25,27,3
2021-12-28,Newsletter_postnatal_NoApp,US,0,0,1259,0,1252,75,1257,1581,88
2021-12-28,Hello_Email_postnatal_WithApp,US,0,0,15,0,15,0,15,16,0
2021-12-28,,US,399,378,580,378,386,105,392,614,127
2021-12-28,Newsletter_postnatal_NohApp,US,0,0,777,0,774,63,776,1109,80
2021-12-27,Hello_Email_postnatall_NoApp,US,0,0,5,0,5,0,5,5,0
2021-12-27,Newsletter_prenatal_WithApp,US,0,0,5231,0,3329,138,3347,4049,183
2021-12-27,Hello_Email_postnatal_WithApp,US,0,0,21,0,21,0,21,24,0
2021-12-27,Hello_Email_prenatal_NoApp,US,0,0,18,0,18,0,18,26,0
2021-12-27,Newsletter_postnatal_NoApp,US,0,0,1858,0,1836,111,1847,2226,138
2021-12-27,Newsletter_postnatal_NohApp,US,0,0,1178,0,1162,98,1175,1546,119
2021-12-27,,US,386,366,560,366,363,85,365,500,94
2021-12-26,Hello_Email_postnatall_NoApp,US,0,0,6,0,5,0,5,5,0
2021-12-26,Newsletter_prenatal_WithApp,US,0,0,9553,0,5011,211,5040,5909,273
2021-12-26,Newsletter_postnatal_NohApp,US,0,0,1849,0,1830,124,1843,2284,164
2021-12-26,,US,270,255,393,255,258,61,261,386,72
2021-12-26,Hello_Email_postnatal_WithApp,US,0,0,12,0,12,0,12,13,0
2021-12-26,Hello_Email_prenatal_NoApp,US,0,0,9,0,9,0,9,14,0
2021-12-26,Newsletter_postnatal_NoApp,US,0,0,2750,0,2712,121,2729,3121,149
2021-12-25,Hello_Email_postnatall_NoApp,US,0,0,3,0,3,0,3,3,0
2021-12-25,Newsletter_prenatal_WithApp,US,23,23,23832,23,21199,393,21247,23009,486
2021-12-25,Newsletter_postnatal_NohApp,US,1,1,7099,1,7060,282,7097,7995,376
2021-12-25,Hello_Email_prenatal_NoApp,US,0,0,13,0,13,0,13,14,0
2021-12-25,Hello_Email_postnatal_WithApp,US,0,0,9,0,9,0,9,9,0
2021-12-25,,US,128,123,253,123,184,36,187,259,40
2021-12-25,Newsletter_postnatal_NoApp,US,12,12,10341,12,10284,193,10314,11207,235
2021-12-24,Newsletter_prenatal_WithApp,US,155583,154733,156147,154733,34221,1990,34273,40085,2451
2021-12-24,Hello_Email_postnatal_WithApp,US,0,0,15,0,15,0,15,18,0
2021-12-24,Hello_Email_prenatal_NoApp,US,0,0,16,0,16,0,16,17,0
2021-12-24,Hello_Email_postnatall_NoApp,US,0,0,1,0,1,0,1,1,0
2021-12-24,Newsletter_postnatal_NoApp,US,105023,104257,105373,104257,18086,1038,18249,20973,1571
2021-12-24,,US,242,232,390,232,272,63,275,377,75
2021-12-24,Newsletter_postnatal_NohApp,US,61297,60966,61337,60966,12156,1003,12250,14543,1291
2021-12-23,Newsletter_prenatal_WithApp,US,0,0,995,0,1001,31,1003,1282,42
2021-12-23,,US,344,331,538,331,377,72,380,518,90
2021-12-23,Newsletter_postnatal_NoApp,US,0,0,587,0,583,13,585,719,14
2021-12-23,Hello_Email_prenatal_NoApp,US,0,0,17,0,17,2,17,20,3
2021-12-23,Hello_Email_postnatall_NoApp,US,0,0,3,0,3,0,3,3,0
2021-12-23,Newsletter_postnatal_NohApp,US,0,0,330,0,327,16,330,482,23
2021-12-23,Hello_Email_postnatal_WithApp,US,0,0,18,0,18,0,18,20,0
2021-12-22,Newsletter_prenatal_WithApp,US,0,0,1310,0,1316,47,1318,1679,63
2021-12-22,Hello_Email_postnatal_WithApp,US,0,0,18,0,18,0,18,25,0
2021-12-22,Newsletter_postnatal_NoApp,US,0,0,783,0,783,29,783,970,37
2021-12-22,Hello_Email_postnatall_NoApp,US,0,0,8,0,8,0,8,8,0
2021-12-22,,US,383,368,587,368,406,87,408,580,100
2021-12-22,Hello_Email_prenatal_NoApp,US,0,0,21,0,21,0,21,23,0
2021-12-22,Newsletter_postnatal_NohApp,US,0,0,427,0,427,26,427,651,36
2021-12-21,Hello_Email_prenatal_NoApp,US,0,0,26,0,25,1,26,32,1
2021-12-21,Hello_Email_postnatall_NoApp,US,0,0,8,0,8,0,8,8,0
2021-12-21,Hello_Email_postnatal_WithApp,US,0,0,17,0,17,1,17,22,1
2021-12-21,Newsletter_postnatal_NoApp,US,0,0,991,0,987,24,990,1171,28
2021-12-21,Newsletter_prenatal_WithApp,US,0,0,1720,0,1714,72,1718,2150,89
2021-12-21,,US,463,444,677,444,440,114,445,646,142
2021-12-21,Newsletter_postnatal_NohApp,US,0,0,586,0,582,35,585,824,45
2021-12-20,,US,576,549,774,549,487,147,493,687,171
2021-12-20,Hello_Email_postnatall_NoApp,US,0,0,5,0,5,0,5,5,0
2021-12-20,Newsletter_prenatal_WithApp,US,0,0,4401,0,2556,95,2561,3093,131
2021-12-20,Hello_Email_prenatal_NoApp,US,0,0,22,0,22,4,22,26,4
2021-12-20,Newsletter_postnatal_NoApp,US,0,0,1477,0,1429,57,1431,1714,78
2021-12-20,Newsletter_postnatal_NohApp,US,0,0,985,0,974,75,983,1380,106
2021-12-20,Hello_Email_postnatal_WithApp,US,0,0,15,0,15,0,15,18,0
2021-12-19,,US,545,518,696,518,424,121,428,625,153
2021-12-19,Hello_Email_prenatal_NoApp,US,0,0,20,0,20,2,20,30,3
2021-12-19,Hello_Email_postnatall_NoApp,US,0,0,4,0,4,0,4,4,0
2021-12-19,Newsletter_postnatal_NoApp,US,0,0,2191,0,2142,93,2151,2483,117
2021-12-19,Newsletter_postnatal_NohApp,US,0,0,1541,0,1517,103,1529,1908,125
2021-12-19,Hello_Email_postnatal_WithApp,US,0,0,15,0,15,0,15,17,0
2021-12-19,Newsletter_prenatal_WithApp,US,0,0,8491,0,3961,153,3982,4669,195
2021-12-18,Hello_Email_postnatal_WithApp,US,0,0,19,0,19,0,19,22,0
2021-12-18,Hello_Email_postnatall_NoApp,US,0,0,7,0,7,1,7,7,1
2021-12-18,,US,426,406,571,406,353,96,358,461,115
2021-12-18,Hello_Email_prenatal_NoApp,US,0,0,21,0,21,0,21,25,0
2021-12-18,Newsletter_postnatal_NohApp,US,2,2,6798,2,6768,290,6791,7723,388
2021-12-18,Newsletter_postnatal_NoApp,US,10,12,9947,12,9906,220,9920,10826,305
2021-12-18,Newsletter_prenatal_WithApp,US,18,18,26015,18,20670,519,20723,22654,680
2021-12-17,Hello_Email_prenatal_NoApp,US,0,0,31,0,30,1,30,46,1
2021-12-17,Newsletter_postnatal_NohApp,US,60443,60131,60495,60131,12340,1098,12431,15370,1457
2021-12-17,Hello_Email_postnatall_NoApp,US,0,0,3,0,3,0,3,3,0
2021-12-17,Hello_Email_postnatal_WithApp,US,0,0,16,0,16,0,16,18,0
2021-12-17,Newsletter_prenatal_WithApp,US,155966,155174,156604,155174,35309,2391,35388,42714,3135
2021-12-17,,US,396,384,583,384,408,105,411,546,116
2021-12-17,Newsletter_postnatal_NoApp,USA,104081,103372,104451,103372,18905,1160,19053,22612,1689
2021-12-16,Newsletter_postnatal_NoApp,US,0,0,589,0,589,21,589,815,24
2021-12-16,Newsletter_postnatal_NohApp,US,0,0,367,0,365,17,367,598,30
2021-12-16,Hello_Email_prenatal_NoApp,US,0,0,13,0,13,0,13,19,0
2021-12-16,,US,461,446,671,446,484,116,487,679,139
2021-12-16,Newsletter_prenatal_WithApp,US,0,0,1117,0,1117,37,1117,1459,44
2021-12-16,Hello_Email_postnatall_NoApp,US,0,0,6,0,6,0,6,6,0
2021-12-16,Hello_Email_postnatal_WithApp,USA,0,0,23,0,23,0,23,27,0
2021-12-15,Hello_Email_postnatal_WithApp,US,0,0,30,0,30,0,30,33,0
2021-12-15,Newsletter_postnatal_NoApp,US,0,0,715,0,714,27,714,916,35
2021-12-15,Newsletter_postnatal_NohApp,US,0,0,430,0,427,32,430,649,37
2021-12-15,Hello_Email_postnatall_NoApp,US,0,0,4,0,4,0,4,5,0
2021-12-15,Hello_Email_prenatal_NoApp,US,0,0,24,0,24,0,24,29,0
2021-12-15,,US,478,456,670,456,454,117,458,677,142
2021-12-15,Newsletter_prenatal_WithApp,US,0,0,1335,0,1341,39,1343,1758,46
2021-12-14,Hello_Email_postnatal_WithApp,US,0,0,19,0,19,2,19,25,2
2021-12-14,Hello_Email_postnatall_NoApp,US,0,0,8,0,8,0,8,8,0
2021-12-14,Hello_Email_prenatal_NoApp,US,0,0,28,0,27,0,27,38,0
2021-12-14,,US,477,451,681,451,445,103,452,642,124
2021-12-14,Newsletter_prenatal_WithApp,US,0,0,1710,0,1705,76,1712,2201,108
2021-12-14,Newsletter_postnatal_NohApp,US,0,0,611,0,608,27,610,880,29
2021-12-14,Newsletter_postnatal_NoApp,US,0,0,971,0,968,33,970,1170,44
2021-12-13,,US,434,419,639,419,430,112,433,592,133
2021-12-13,Newsletter_postnatal_NohApp,US,0,0,1054,0,1038,94,1050,1361,132
2021-12-13,Newsletter_postnatal_NoApp,US,0,0,1492,0,1479,72,1483,1856,93
2021-12-13,Hello_Email_prenatal_NoApp,US,0,0,26,0,24,2,25,28,2
2021-12-13,Hello_Email_postnatal_WithApp,US,0,0,19,0,18,0,18,22,0
2021-12-13,Newsletter_prenatal_WithApp,US,0,0,4432,0,2555,116,2565,3162,145
2021-12-13,Hello_Email_postnatall_NoApp,US,0,0,1,0,1,0,1,1,0
2021-12-12,Hello_Email_postnatall_NoApp,US,0,0,5,0,5,0,5,8,0
2021-12-12,Hello_Email_prenatal_NoApp,US,0,0,23,0,23,0,23,26,0
2021-12-12,Newsletter_postnatal_NohApp,US,0,0,1444,0,1438,97,1443,1829,118
2021-12-12,Newsletter_postnatal_NoApp,US,0,0,2121,0,2095,93,2101,2474,133
2021-12-12,Newsletter_prenatal_WithApp,US,0,0,8602,0,3935,162,3950,4602,211
2021-12-12,Hello_Email_postnatal_WithApp,US,0,0,14,0,14,0,14,16,0
2021-12-12,,US,451,436,615,436,399,103,400,583,121
2021-12-11,Newsletter_prenatal_WithApp,US,23,23,24292,23,19878,512,19929,21751,641
2021-12-11,Hello_Email_prenatal_NoApp,US,0,0,16,0,16,3,16,19,6
2021-12-11,Newsletter_postnatal_NohApp,US,2,2,6390,2,6370,292,6384,7350,380
2021-12-11,Newsletter_postnatal_NoApp,US,10,10,9763,10,9723,229,9739,10694,290
2021-12-11,Hello_Email_postnatal_WithApp,US,0,0,22,0,22,0,22,28,0
2021-12-11,,US,386,367,562,367,367,89,372,524,102
2021-12-11,Hello_Email_postnatall_NoApp,US,0,0,3,0,3,0,3,3,0
2021-12-10,Newsletter_postnatal_NoApp,US,104959,104266,105341,104266,19006,1334,19173,22912,1956
2021-12-10,Hello_Email_prenatal_NoApp,US,0,0,29,0,27,2,28,30,2
2021-12-10,Hello_Email_postnatal_WithApp,US,0,0,20,0,20,0,20,22,0
2021-12-10,Newsletter_prenatal_WithApp,US,157677,156868,158259,156868,36067,2755,36146,44190,3457
2021-12-10,Newsletter_postnatal_NohApp,US,59633,59353,59677,59353,12377,1208,12482,15593,1692
2021-12-10,Hello_Email_postnatall_NoApp,US,0,0,8,0,8,0,8,8,0
2021-12-10,,US,490,461,696,461,445,109,448,625,127
2021-12-09,Newsletter_postnatal_NohApp,US,0,0,341,0,340,14,341,531,14
2021-12-09,Hello_Email_prenatal_NoApp,US,0,0,19,0,19,0,19,22,0
2021-12-09,Hello_Email_postnatall_NoApp,US,0,0,3,0,3,1,3,5,1
2021-12-09,Hello_Email_postnatal_WithApp,US,0,0,26,0,26,1,26,30,1
2021-12-09,Newsletter_prenatal_WithApp,US,0,0,1074,0,1077,29,1078,1410,37
2021-12-09,Newsletter_postnatal_NoApp,US,0,0,563,0,562,12,563,731,14
2021-12-09,,US,492,472,707,472,460,131,466,677,156
2021-12-08,Hello_Email_postnatall_NoApp,US,0,0,3,0,3,0,3,3,0
2021-12-08,Hello_Email_postnatal_WithApp,US,0,0,23,0,23,0,23,27,0
2021-12-08,Newsletter_prenatal_WithApp,US,0,0,1298,0,1297,46,1299,1697,59
2021-12-08,Newsletter_postnatal_NoApp,US,0,0,680,0,677,27,680,854,31
2021-12-08,Newsletter_postnatal_NohApp,US,0,0,441,0,439,27,441,685,31
2021-12-08,,US,532,509,712,509,460,111,463,646,129
2021-12-08,Hello_Email_prenatal_NoApp,US,0,0,30,0,30,1,30,33,1
2021-12-07,,US,301,286,525,286,368,84,371,518,99
2021-12-07,Hello_Email_prenatal_NoApp,US,0,0,24,0,24,0,24,28,0
2021-12-07,Hello_Email_postnatal_WithApp,US,0,0,25,0,25,3,25,30,3
2021-12-07,Newsletter_prenatal_WithApp,US,0,0,1561,0,1556,71,1563,1969,98
2021-12-07,Newsletter_postnatal_NohApp,US,0,0,570,0,566,33,568,879,42
2021-12-07,Newsletter_postnatal_NoApp,US,0,0,949,0,948,27,948,1155,34
2021-12-07,Hello_Email_postnatall_NoApp,US,0,0,6,0,6,0,6,6,0
2021-12-06,Newsletter_prenatal_WithApp,US,0,0,3941,0,2249,123,2261,2850,166
2021-12-06,Hello_Email_postnatall_NoApp,US,0,0,4,0,4,0,4,6,0
2021-12-06,Newsletter_postnatal_NohApp,US,0,0,880,0,875,65,878,1205,84
2021-12-06,Newsletter_postnatal_NoApp,US,0,0,1339,0,1318,70,1322,1667,85
2021-12-06,Hello_Email_postnatal_WithApp,US,0,0,16,0,16,0,16,16,0
2021-12-06,Hello_Email_prenatal_NoApp,US,0,0,27,0,27,0,27,35,0
2021-12-06,,US,522,498,780,498,526,140,531,743,155
2021-12-05,Newsletter_postnatal_NoApp,US,0,0,1767,0,1733,89,1742,2097,105
2021-12-05,Hello_Email_prenatal_NoApp,US,0,0,25,0,24,3,25,32,3
2021-12-05,,US,490,467,680,467,421,117,425,616,132
2021-12-05,Newsletter_prenatal_WithApp,US,0,0,7422,0,3268,130,3277,3904,165
2021-12-05,Hello_Email_postnatal_WithApp,US,0,0,19,0,19,0,19,20,0
2021-12-05,Hello_Email_postnatall_NoApp,US,0,0,4,0,4,0,4,6,0
2021-12-05,Newsletter_postnatal_NohApp,US,0,0,1243,0,1231,103,1239,1578,134
2021-12-04,Newsletter_postnatal_NoApp,US,6,6,7498,6,7441,236,7455,8330,300
2021-12-04,Newsletter_postnatal_NohApp,US,1,1,5242,1,5213,282,5238,6114,370
2021-12-04,Hello_Email_prenatal_NoApp,US,0,0,17,0,17,0,17,22,0
2021-12-04,Hello_Email_postnatall_NoApp,US,0,0,9,0,9,0,9,11,0
2021-12-04,,US,428,413,607,413,407,104,412,579,132
2021-12-04,Hello_Email_postnatal_WithApp,US,0,0,19,0,19,0,19,21,0
2021-12-04,Newsletter_prenatal_WithApp,US,12,12,19621,12,15379,414,15408,17038,517
2021-12-03,Newsletter_postnatal_NohApp,US,49368,49029,51384,49029,10059,984,10181,12769,1372
2021-12-03,Hello_Email_prenatal_NoApp,US,0,0,28,0,28,3,28,36,5
2021-12-03,Newsletter_postnatal_NoApp,US,90850,90164,91203,90164,15551,1175,15696,19083,1639
2021-12-03,Hello_Email_postnatall_NoApp,US,0,0,8,0,8,1,8,9,1
2021-12-03,Newsletter_prenatal_WithApp,usa,132810,132253,136660,132253,29627,2325,29725,36847,2914
2021-12-03,Hello_Email_postnatal_WithApp,US,0,0,22,0,22,0,22,23,0
2021-12-03,,US,534,518,769,518,506,113,510,712,136
2021-12-02,Hello_Email_prenatal_NoApp,US,0,0,43,0,43,0,43,52,0
2021-12-02,Newsletter_postnatal_NohApp,US,0,0,311,0,306,19,309,520,20
2021-12-02,Newsletter_prenatal_WithApp,US,0,0,1084,0,1088,41,1092,1468,57
2021-12-02,,US,604,572,831,572,551,149,555,822,171
2021-12-02,Hello_Email_postnatal_WithApp,US,0,0,28,0,28,0,28,39,0
2021-12-02,Hello_Email_postnatall_NoApp,US,0,0,10,0,10,0,10,19,0
2021-12-02,Newsletter_postnatal_NoApp,US,0,0,543,0,541,18,543,707,26
2021-12-01,Newsletter_postnatal_NohApp,US,0,0,400,0,397,29,400,616,40
2021-12-01,Hello_Email_postnatall_NoApp,US,0,0,7,0,7,0,7,7,0
2021-12-01,Hello_Email_postnatal_WithApp,US,0,0,24,0,24,0,24,29,0
2021-12-01,Newsletter_prenatal_WithApp,US,0,0,1294,0,1296,71,1301,1686,101
2021-12-01,,US,554,526,821,526,552,133,556,756,145
2021-12-01,Newsletter_postnatal_NoApp,US,0,0,681,0,678,21,679,864,22
2021-12-01,Hello_Email_prenatal_NoApp,US,0,0,49,0,49,0,49,55,0
2021-11-30,Newsletter_postnatal_NohApp,US,0,0,573,0,568,40,573,870,49
2021-11-30,Hello_Email_prenatal_NoApp,US,0,0,45,0,45,3,45,65,3
2021-11-30,Hello_Email_postnatall_NoApp,US,0,0,11,0,11,0,11,11,0
2021-11-30,Newsletter_postnatal_NoApp,US,0,0,945,0,942,44,943,1221,57
2021-11-30,Newsletter_prenatal_WithApp,US,0,0,1693,0,1690,82,1695,2236,101
2021-11-30,Hello_Email_postnatal_WithApp,US,0,0,31,0,31,0,31,34,0
2021-11-30,,US,582,544,855,544,589,146,591,891,171
2021-11-29,,US,583,547,868,547,551,121,557,802,146
2021-11-29,Newsletter_postnatal_NohApp,US,0,0,931,0,919,77,927,1314,102
2021-11-29,Newsletter_postnatal_NoApp,US,0,0,1541,0,1507,74,1513,1888,110
2021-11-29,Hello_Email_prenatal_NoApp,US,0,0,55,0,54,3,55,71,3
2021-11-29,Hello_Email_postnatall_NoApp,US,0,0,16,0,16,0,16,22,0
2021-11-29,Newsletter_prenatal_WithApp,US,0,0,5315,0,2726,153,2729,3485,228
2021-11-29,Hello_Email_postnatal_WithApp,US,0,0,27,0,27,1,27,29,1
2021-11-28,Newsletter_postnatal_NohApp,US,0,0,1219,0,1205,107,1215,1583,150
2021-11-28,Hello_Email_postnatal_WithApp,US,0,0,30,0,30,2,30,35,2
2021-11-28,Newsletter_postnatal_NoApp,US,0,0,1918,0,1878,89,1881,2273,124
2021-11-28,Hello_Email_prenatal_NoApp,US,0,0,42,0,41,2,41,47,2
2021-11-28,Newsletter_prenatal_WithApp,US,0,0,10448,0,3817,205,3830,4661,271
2021-11-28,,US,570,545,796,545,498,139,501,670,164
2021-11-28,Hello_Email_postnatall_NoApp,US,0,0,9,0,9,1,9,10,1
2021-11-27,Newsletter_prenatal_WithApp,US,34,43,21352,43,16488,540,16522,18695,752
2021-11-27,Hello_Email_prenatal_NoApp,US,0,0,42,0,41,1,41,46,1
2021-11-27,Newsletter_postnatal_NohApp,US,2,7,4987,7,4948,287,4976,5896,355
2021-11-27,Newsletter_postnatal_NoApp,US,8,10,7749,10,7695,217,7711,8675,287
2021-11-27,Hello_Email_postnatall_NoApp,US,0,0,10,0,10,1,10,14,1
2021-11-27,,US,516,490,741,490,471,119,471,680,147
2021-11-27,Hello_Email_postnatal_WithApp,US,0,0,31,0,31,3,31,42,5
2021-11-26,,US,512,493,695,493,411,93,413,593,113
2021-11-26,Hello_Email_prenatal_NoApp,US,0,0,47,0,46,1,46,51,1
2021-11-26,Newsletter_postnatal_NoApp,US,104838,104152,105152,104152,15817,1069,15967,19301,1690
2021-11-26,Newsletter_postnatal_NohApp,US,57596,57317,57632,57317,10067,1036,10167,12990,1477
2021-11-26,Hello_Email_postnatall_NoApp,US,0,0,9,0,9,1,9,14,1
2021-11-26,Newsletter_prenatal_WithApp,US,161283,160487,161791,160487,31158,2101,31226,38526,2728
2021-11-26,Hello_Email_postnatal_WithApp,US,0,0,20,0,20,1,20,23,1
2021-11-25,Newsletter_postnatal_NohApp,US,0,0,246,0,246,16,246,370,21
2021-11-25,Hello_Email_postnatal_WithApp,US,0,0,14,0,14,1,14,15,1
2021-11-25,Hello_Email_postnatall_NoApp,US,0,0,12,0,12,0,12,16,0
2021-11-25,Hello_Email_prenatal_NoApp,US,0,0,31,0,31,0,31,42,0
2021-11-25,Newsletter_prenatal_WithApp,US,0,0,802,0,803,14,804,1062,17
2021-11-25,Newsletter_postnatal_NoApp,US,0,0,480,0,478,15,478,630,22
2021-11-25,,US,399,381,540,381,311,77,316,431,92
2021-11-24,,US,474,455,685,455,440,108,442,615,123
2021-11-24,Newsletter_postnatal_NohApp,US,0,0,380,0,377,27,379,611,46
2021-11-24,Newsletter_postnatal_NoApp,US,0,0,623,0,621,18,622,827,23
2021-11-24,Hello_Email_postnatal_WithApp,US,0,0,30,0,30,0,30,37,0
2021-11-24,Newsletter_prenatal_WithApp,US,0,0,1142,0,1141,44,1143,1478,63
2021-11-24,Hello_Email_prenatal_NoApp,US,0,0,54,0,53,4,54,61,10
2021-11-24,Hello_Email_postnatall_NoApp,US,0,0,9,0,9,0,9,10,0
2021-11-23,Hello_Email_postnatall_NoApp,US,0,0,10,0,10,0,10,13,0
2021-11-23,Newsletter_prenatal_WithApp,US,0,0,1573,0,1579,63,1579,2065,82
2021-11-23,,US,505,487,766,487,498,120,503,702,139
2021-11-23,Hello_Email_prenatal_NoApp,US,0,0,44,0,43,1,44,52,1
2021-11-23,Newsletter_postnatal_NohApp,US,0,0,520,0,515,42,520,777,55
2021-11-23,Newsletter_postnatal_NoApp,US,0,0,920,0,917,39,920,1207,50
2021-11-23,Hello_Email_postnatal_WithApp,US,0,0,23,0,23,0,23,29,0
2021-11-22,Newsletter_postnatal_NohApp,US,0,0,907,0,894,99,906,1313,143
2021-11-22,Newsletter_prenatal_WithApp,US,0,0,4471,0,2374,143,2378,3078,190
2021-11-22,Hello_Email_prenatal_NoApp,US,0,0,54,0,53,3,54,66,3
2021-11-22,,US,574,558,808,558,540,144,546,805,162
2021-11-22,Hello_Email_postnatall_NoApp,US,0,0,7,0,7,1,7,24,2
2021-11-22,Newsletter_postnatal_NoApp,US,0,0,1388,0,1371,77,1376,1751,100
2021-11-22,Hello_Email_postnatal_WithApp,US,0,0,27,0,27,0,27,29,0
2021-11-21,Hello_Email_postnatall_NoApp,US,0,0,8,0,8,0,8,9,0
2021-11-21,Hello_Email_prenatal_NoApp,US,0,0,43,0,43,1,43,52,1
2021-11-21,Newsletter_prenatal_WithApp,US,0,0,8449,0,3502,180,3516,4375,235
2021-11-21,,US,560,540,771,540,475,134,481,674,169
2021-11-21,Newsletter_postnatal_NohApp,US,0,0,1231,0,1217,97,1225,1643,127
2021-11-21,Hello_Email_postnatal_WithApp,US,0,0,21,0,21,1,21,23,1
2021-11-21,Newsletter_postnatal_NoApp,US,0,0,1870,0,1838,98,1841,2254,123
2021-11-20,Hello_Email_prenatal_NoApp,US,0,0,43,0,42,3,42,47,4
2021-11-20,Newsletter_prenatal_WithApp,US,18,18,22052,18,16919,533,16961,19092,732
2021-11-20,Newsletter_postnatal_NohApp,US,2,2,4930,2,4907,325,4924,5933,426
2021-11-20,Newsletter_postnatal_NoApp,US,14,14,7896,14,7840,270,7862,8906,346
2021-11-20,Hello_Email_postnatal_WithApp,US,0,0,21,0,21,1,21,30,1
2021-11-20,,US,525,509,746,509,492,125,494,739,143
2021-11-20,Hello_Email_postnatall_NoApp,US,0,0,10,0,10,0,10,12,0
2021-11-19,Newsletter_postnatal_NoApp,US,105345,104653,105661,104653,17956,1407,18120,22321,2022
2021-11-19,Newsletter_prenatal_WithApp,US,164488,163675,165056,163675,35756,2999,35833,45904,3796
2021-11-19,Hello_Email_postnatal_WithApp,US,0,0,27,0,27,2,27,30,2
2021-11-19,Hello_Email_postnatall_NoApp,US,0,0,13,0,13,0,13,15,0
2021-11-19,,US,599,571,839,571,518,148,524,772,172
2021-11-19,Newsletter_postnatal_NohApp,US,56562,56306,56608,56306,11044,1245,11143,14728,1753
2021-11-19,Hello_Email_prenatal_NoApp,US,0,0,53,0,53,2,53,62,2
2021-11-18,Hello_Email_postnatall_NoApp,US,0,0,14,0,14,0,14,17,0
2021-11-18,Newsletter_postnatal_NohApp,US,0,0,322,0,320,26,321,498,34
2021-11-18,Hello_Email_prenatal_NoApp,US,0,0,65,0,65,2,65,77,2
2021-11-18,Newsletter_prenatal_WithApp,US,0,0,1015,0,1016,50,1019,1349,62
2021-11-18,Hello_Email_postnatal_WithApp,US,0,0,28,0,28,0,28,33,0
2021-11-18,Newsletter_postnatal_NoApp,US,0,0,604,0,603,25,603,834,53
2021-11-18,,US,643,622,885,622,575,153,580,858,176
2021-11-17,,US,681,655,904,655,546,146,555,806,171
2021-11-17,Hello_Email_postnatal_WithApp,US,0,0,24,0,24,0,24,30,0
2021-11-17,Newsletter_postnatal_NohApp,US,0,0,395,0,393,30,395,672,49
2021-11-17,Newsletter_postnatal_NoApp,US,0,0,646,0,643,41,646,884,51
2021-11-17,Hello_Email_prenatal_NoApp,US,0,0,58,0,58,1,58,67,1
2021-11-17,Newsletter_prenatal_WithApp,US,0,0,1247,0,1254,58,1256,1716,83
2021-11-17,Hello_Email_prenatal_WithApp,US,0,0,1,0,1,0,1,1,0
2021-11-17,Hello_Email_postnatall_NoApp,US,0,0,18,0,18,1,18,19,1
2021-11-16,Hello_Email_postnatal_WithApp,US,0,0,36,0,36,2,36,42,4
2021-11-16,Newsletter_prenatal_WithApp,US,0,0,1517,0,1517,71,1523,2016,83
2021-11-16,Hello_Email_postnatall_NoApp,US,0,0,12,0,12,0,12,14,0
2021-11-16,,US,586,553,815,553,515,146,525,782,165
2021-11-16,Newsletter_postnatal_NohApp,US,0,0,494,0,491,38,494,755,52
2021-11-16,Hello_Email_prenatal_NoApp,US,0,0,81,0,80,2,81,101,2
2021-11-16,Newsletter_postnatal_NoApp,US,0,0,879,0,876,49,879,1156,61
2021-11-15,Hello_Email_prenatal_NoApp,US,0,0,78,0,78,2,78,100,2
2021-11-15,Newsletter_postnatal_NoApp,US,0,0,1245,0,1228,71,1235,1612,92
2021-11-15,Hello_Email_postnatall_NoApp,US,0,0,13,0,13,0,13,17,0
2021-11-15,Hello_Email_postnatal_WithApp,US,0,0,31,0,31,1,31,34,1
2021-11-15,Newsletter_prenatal_WithApp,US,0,0,3981,0,2205,133,2214,2861,157
2021-11-15,Newsletter_postnatal_NohApp,US,0,0,797,0,786,92,796,1246,132
2021-11-15,,US,547,526,809,526,522,124,530,768,144
2021-11-14,Newsletter_postnatal_NoApp,US,0,0,1630,0,1594,92,1601,1952,107
2021-11-14,Newsletter_prenatal_WithApp,US,0,0,7523,0,3049,171,3060,3866,205
2021-11-14,Hello_Email_postnatall_NoApp,US,0,0,12,0,12,1,12,13,3
2021-11-14,Newsletter_postnatal_NohApp,US,0,0,1025,0,1012,95,1020,1655,127
2021-11-14,Hello_Email_prenatal_NoApp,US,0,0,65,0,64,2,64,85,2
2021-11-14,Hello_Email_postnatal_WithApp,US,0,0,26,0,26,1,26,28,1
2021-11-14,,US,581,559,785,559,517,144,521,799,181
2021-11-13,Newsletter_postnatal_NoApp,US,6,6,6497,6,6449,280,6466,7447,350
2021-11-13,Hello_Email_postnatal_WithApp,US,0,0,19,0,19,0,19,20,0
2021-11-13,Newsletter_prenatal_WithApp,US,29,29,18543,29,13537,494,13568,15559,661
2021-11-13,,US,485,460,676,460,397,125,405,588,144
2021-11-13,Newsletter_postnatal_NohApp,US,1,1,3997,1,3970,269,3993,5037,347
2021-11-13,Hello_Email_prenatal_NoApp,US,0,0,81,0,80,2,80,101,2
2021-11-13,Hello_Email_postnatall_NoApp,US,0,0,13,0,12,0,12,15,0
2021-11-12,Hello_Email_postnatall_NoApp,US,0,0,12,0,11,0,11,11,0
2021-11-12,Hello_Email_postnatal_WithApp,US,0,0,29,0,29,0,29,36,0
2021-11-12,Newsletter_postnatal_NohApp,US,49763,49540,49831,49540,9486,1109,9574,12906,1443
2021-11-12,Newsletter_postnatal_NoApp,US,93732,93140,94098,93140,15835,1365,15979,20141,1947
2021-11-12,Hello_Email_prenatal_NoApp,US,0,0,101,0,100,2,100,135,4
2021-11-12,,US,574,547,815,547,512,133,516,775,149
2021-11-12,Newsletter_prenatal_WithApp,US,147282,146514,147890,146514,31289,2732,31384,40454,3503
2021-11-11,Newsletter_postnatal_NoApp,US,0,0,533,0,527,23,531,708,24
2021-11-11,Newsletter_prenatal_WithApp,US,0,0,986,0,987,34,987,1381,47
2021-11-11,,US,629,599,849,599,505,169,512,773,207
2021-11-11,Newsletter_postnatal_NohApp,US,0,0,292,0,291,22,292,487,35
2021-11-11,Hello_Email_postnatal_WithApp,US,0,0,22,0,22,0,22,25,0
2021-11-11,Hello_Email_prenatal_NoApp,US,245,229,384,229,237,18,238,364,24
2021-11-11,Hello_Email_postnatall_NoApp,US,53,43,79,43,41,3,41,50,3
2021-11-10,,US,659,632,877,632,568,157,572,832,196
2021-11-10,Hello_Email_postnatall_NoApp,US,146,133,172,133,78,11,79,118,19
2021-11-10,Newsletter_prenatal_WithApp,US,0,0,1238,0,1244,57,1246,1734,74
2021-11-10,Hello_Email_postnatal_WithApp,US,0,0,30,0,30,0,30,41,0
2021-11-10,Newsletter_postnatal_NoApp,US,0,0,698,0,694,41,696,974,49
2021-11-10,Hello_Email_prenatal_NoApp,US,599,563,747,563,325,34,328,484,44
2021-11-10,Newsletter_postnatal_NohApp,US,0,0,409,0,407,40,409,705,52
2021-11-09,,US,625,602,873,602,540,149,542,825,183
2021-11-09,Hello_Email_postnatall_NoApp,US,76,72,94,72,49,8,49,71,11
2021-11-09,Newsletter_postnatal_NoApp,US,0,0,898,0,892,50,897,1248,55
2021-11-09,Newsletter_prenatal_WithApp,US,0,0,1552,0,1553,79,1557,2003,98
2021-11-09,Hello_Email_postnatal_WithApp,US,0,0,19,0,19,1,19,30,1
2021-11-09,Hello_Email_prenatal_NoApp,US,423,391,521,391,222,19,222,332,28
2021-11-09,Newsletter_postnatal_NohApp,US,0,0,489,0,485,41,488,771,51
2021-11-08,Newsletter_prenatal_WithApp,US,0,0,4206,0,2318,121,2322,3050,161
2021-11-08,Hello_Email_postnatal_WithApp,US,0,0,33,0,33,1,33,34,1
2021-11-08,Newsletter_postnatal_NohApp,US,0,0,852,0,844,72,848,1298,93
2021-11-08,Newsletter_postnatal_NoApp,US,0,0,1354,0,1339,85,1343,1795,105
2021-11-08,,US,622,589,840,589,529,141,534,774,158
2021-11-08,Hello_Email_prenatal_NoApp,US,0,0,98,0,98,4,98,126,4
2021-11-08,Hello_Email_postnatall_NoApp,US,0,0,28,0,28,0,28,43,0
2021-11-07,Hello_Email_postnatal_WithApp,US,0,0,25,0,25,1,25,28,1
2021-11-07,Newsletter_postnatal_NohApp,US,0,0,1053,0,1040,104,1048,1457,132
2021-11-07,Hello_Email_postnatall_NoApp,US,0,0,17,0,17,1,17,21,1
2021-11-07,Newsletter_prenatal_WithApp,US,0,0,8282,0,3162,200,3181,4085,251
2021-11-07,Newsletter_postnatal_NoApp,US,0,0,1740,0,1705,93,1711,2123,119
2021-11-07,Hello_Email_prenatal_NoApp,US,0,0,81,0,80,6,81,95,6
2021-11-07,,US,307,293,487,293,332,81,334,472,97
2021-11-06,Newsletter_postnatal_NohApp,US,2,2,3653,2,3633,257,3646,4562,328
2021-11-06,Hello_Email_prenatal_WithApp,US,0,0,1,0,1,0,1,1,0
2021-11-06,Hello_Email_prenatal_NoApp,US,0,0,97,0,96,2,97,122,2
2021-11-06,Hello_Email_postnatal_WithApp,US,0,0,25,0,25,0,25,26,0
2021-11-06,,US,378,364,581,364,377,90,379,541,104
2021-11-06,Newsletter_postnatal_NoApp,US,0,0,5916,0,5866,259,5883,6898,340
2021-11-06,Newsletter_prenatal_WithApp,US,0,0,18226,0,12961,502,12991,15148,653
2021-11-06,Hello_Email_postnatall_NoApp,US,0,0,22,0,22,0,22,25,0
2021-11-05,Newsletter_postnatal_NoApp,US,104816,104153,105124,104153,16792,1464,16956,21706,2099
2021-11-05,,US,535,517,794,517,507,127,513,777,144
2021-11-05,Hello_Email_postnatal_WithApp,US,1,1,42,1,40,0,40,47,0
2021-11-05,Newsletter_prenatal_WithApp,US,166634,165829,167166,165829,34330,3072,34417,45462,3853
2021-11-05,Newsletter_postnatal_NohApp,US,56098,55845,56133,55845,10121,1248,10227,14109,1715
2021-11-05,Hello_Email_postnatall_NoApp,US,58,50,113,50,74,6,75,93,9
2021-11-05,Hello_Email_prenatal_NoApp,US,235,217,439,217,290,25,291,404,31
2021-11-04,Hello_Email_postnatall_NoApp,US,143,133,186,133,92,10,93,130,22
2021-11-04,Newsletter_postnatal_NoApp,US,0,0,544,0,541,23,542,751,36
2021-11-04,Newsletter_prenatal_WithApp,US,0,0,976,0,978,47,980,1350,62
2021-11-04,Newsletter_postnatal_NohApp,US,0,0,298,0,296,25,298,516,31
2021-11-04,Hello_Email_prenatal_NoApp,US,686,639,870,639,401,45,403,592,53
2021-11-04,,US,689,664,941,664,585,164,586,898,195
2021-11-04,Hello_Email_postnatal_WithApp,US,10,10,46,10,39,0,39,47,0
2021-11-03,Hello_Email_postnatal_WithApp,US,5,5,47,5,43,0,43,59,0
2021-11-03,Newsletter_postnatal_NoApp,US,0,0,662,0,658,37,661,864,55
2021-11-03,,US,689,659,957,659,611,158,619,930,186
2021-11-03,Newsletter_postnatal_NohApp,US,0,0,367,0,366,29,367,596,40
2021-11-03,Hello_Email_postnatall_NoApp,USA,151,140,190,140,87,11,88,144,18
2021-11-03,Newsletter_prenatal_WithApp,US,0,0,1196,0,1190,67,1196,1666,78
2021-11-03,Hello_Email_prenatal_NoApp,US,720,672,926,672,471,44,472,762,61
2021-11-02,Hello_Email_postnatal_WithApp,US,28,27,70,27,46,0,46,68,0
2021-11-02,Hello_Email_postnatall_NoApp,US,151,143,195,143,94,14,95,184,15
2021-11-02,Newsletter_prenatal_WithApp,US,0,0,1561,0,1561,102,1566,2125,134
2021-11-02,Newsletter_postnatal_NoApp,US,0,0,859,0,855,40,858,1095,50
2021-11-02,Newsletter_postnatal_NohApp,US,0,0,550,0,543,58,550,797,102
2021-11-02,Hello_Email_prenatal_NoApp,US,709,659,935,659,439,37,444,638,56
2021-11-02,,US,682,645,938,645,587,147,592,911,171
2021-11-02,Hello_Email_prenatal_WithApp,US,0,0,1,0,1,0,1,1,0
2021-11-01,Hello_Email_prenatal_WithApp,US,0,0,1,0,1,0,1,1,0
2021-11-01,Newsletter_prenatal_WithApp,US,0,0,3719,0,2141,134,2146,2782,163
2021-11-01,Hello_Email_prenatal_NoApp,US,663,626,870,626,425,51,429,619,77
2021-11-01,Hello_Email_postnatal_WithApp,US,30,30,68,30,45,0,45,52,0
2021-11-01,Newsletter_postnatal_NoApp,US,0,0,1179,0,1166,69,1168,1551,95
2021-11-01,Hello_Email_postnatall_NoApp,US,144,131,193,131,95,12,95,132,31
2021-11-01,Newsletter_postnatal_NohApp,US,0,0,756,0,751,83,756,1142,119
2021-11-01,,US,551,529,789,529,520,147,525,779,169
2021-10-31,Hello_Email_postnatall_NoApp,US,133,123,174,123,81,12,82,112,16
2021-10-31,,US,458,432,635,432,407,135,409,609,163
2021-10-31,Hello_Email_prenatal_WithApp,US,0,0,1,0,1,0,1,1,0
2021-10-31,Newsletter_postnatal_NohApp,US,0,0,957,0,942,98,950,1317,163
2021-10-31,Newsletter_postnatal_NoApp,US,0,0,1504,0,1475,83,1481,1891,142
2021-10-31,Hello_Email_prenatal_NoApp,US,489,461,657,461,312,26,313,471,37
2021-10-31,Hello_Email_postnatal_WithApp,US,4,4,23,4,21,1,21,29,1
2021-10-31,Newsletter_prenatal_WithApp,US,0,0,7716,0,2916,177,2928,3709,228
2021-10-30,Newsletter_postnatal_NoApp,US,0,0,5588,0,5514,237,5524,6480,319
2021-10-30,Hello_Email_postnatal_WithApp,US,8,8,48,8,40,1,40,45,1
2021-10-30,Newsletter_postnatal_NohApp,US,3,3,3274,3,3247,272,3270,4162,346
2021-10-30,Newsletter_prenatal_WithApp,US,0,0,18170,0,11876,528,11910,13964,725
2021-10-30,,US,517,489,748,489,473,120,478,667,141
2021-10-30,Hello_Email_prenatal_NoApp,US,533,505,682,505,290,31,291,420,38
2021-10-30,Hello_Email_prenatal_WithApp,US,2,2,2,2,1,0,1,6,0
2021-10-30,Hello_Email_postnatall_NoApp,US,150,134,184,134,68,8,68,91,8
2021-10-29,,US,601,580,834,580,546,148,548,888,181
2021-10-29,Newsletter_prenatal_WithApp,US,166036,165233,166558,165231,32763,2890,32846,43827,3880
2021-10-29,Newsletter_postnatal_NoApp,US,102796,102149,103113,102149,15776,1356,15918,20439,1893
2021-10-29,Newsletter_postnatal_NohApp,US,55209,54945,55252,54945,9647,1217,9754,13246,1603
2021-10-29,Hello_Email_postnatal_WithApp,US,11,10,50,10,42,0,42,56,0
2021-10-29,Hello_Email_prenatal_NoApp,US,531,489,697,489,324,29,327,477,29
2021-10-29,Hello_Email_postnatall_NoApp,US,159,132,201,132,81,3,81,117,3
2021-10-28,Hello_Email_postnatal_WithApp,US,47,47,89,47,47,0,47,59,0
2021-10-28,Newsletter_prenatal_WithApp,US,0,0,980,0,985,41,987,1310,58
2021-10-28,Hello_Email_prenatal_NoApp,US,578,543,784,543,395,41,396,604,53
2021-10-28,Newsletter_postnatal_NoApp,US,0,0,517,0,514,27,517,738,30
2021-10-28,,US,680,642,959,642,575,159,584,833,201
2021-10-28,Hello_Email_postnatall_NoApp,US,158,135,214,135,95,13,96,133,16
2021-10-28,Newsletter_postnatal_NohApp,US,0,0,283,0,281,18,283,476,24
2021-10-27,Hello_Email_prenatal_NoApp,US,748,703,956,703,488,49,490,738,71
2021-10-27,Hello_Email_postnatall_NoApp,US,188,162,231,162,95,10,96,141,10
2021-10-27,Newsletter_postnatal_NohApp,US,0,0,372,0,370,29,371,689,46
2021-10-27,,US,734,703,1021,703,656,160,659,1021,204
2021-10-27,Newsletter_prenatal_WithApp,US,0,0,1189,0,1192,62,1194,1612,81
2021-10-27,Newsletter_postnatal_NoApp,US,0,0,674,0,670,32,671,894,46
2021-10-27,Hello_Email_postnatal_WithApp,US,31,30,72,30,48,1,48,64,1
2021-10-26,Newsletter_prenatal_WithApp,US,0,0,1580,0,1576,99,1580,2137,139
2021-10-26,Newsletter_postnatal_NoApp,US,0,0,899,0,891,63,898,1240,81
2021-10-26,,US,700,676,987,676,630,163,634,928,188
2021-10-26,Newsletter_postnatal_NohApp,US,0,0,466,0,462,37,465,798,42
2021-10-26,Hello_Email_postnatall_NoApp,US,221,168,256,168,97,11,97,147,21
2021-10-26,Hello_Email_prenatal_NoApp,US,749,688,972,688,482,45,486,712,58
2021-10-26,Hello_Email_postnatal_WithApp,US,21,20,79,20,64,2,64,88,2
2021-10-25,,US,744,710,1047,710,660,186,668,1005,215
2021-10-25,Hello_Email_postnatall_NoApp,US,192,179,248,179,118,15,118,193,23
2021-10-25,Hello_Email_postnatal_WithApp,US,18,17,52,17,36,2,36,46,2
2021-10-25,Newsletter_postnatal_NoApp,US,0,0,1260,0,1242,111,1249,1670,155
2021-10-25,Hello_Email_prenatal_NoApp,US,742,692,980,692,495,36,497,744,51
2021-10-25,Newsletter_postnatal_NohApp,US,0,0,779,0,767,95,778,1177,138
2021-10-25,Newsletter_prenatal_WithApp,US,0,0,4083,0,2346,181,2353,3124,239
2021-10-24,Hello_Email_postnatall_NoApp,US,181,171,233,171,104,17,105,146,20
2021-10-24,Hello_Email_postnatal_WithApp,US,12,11,41,11,28,0,28,32,0
2021-10-24,Newsletter_prenatal_WithApp,US,0,0,8537,0,3053,206,3064,4030,297
2021-10-24,Hello_Email_prenatal_NoApp,US,710,683,910,683,442,40,445,656,50
2021-10-24,,US,658,633,848,633,493,126,498,748,142
2021-10-24,Newsletter_postnatal_NohApp,US,0,0,976,0,962,91,972,1362,127
2021-10-24,Newsletter_postnatal_NoApp,US,0,0,1620,0,1584,105,1589,2072,124
2021-10-23,,US,614,591,806,591,460,127,465,682,145
2021-10-23,Hello_Email_postnatall_NoApp,US,178,166,223,166,95,9,96,123,10
2021-10-23,Newsletter_postnatal_NohApp,US,4,4,3324,4,3298,290,3316,4335,368
2021-10-23,Newsletter_prenatal_WithApp,US,0,0,17020,0,11553,586,11597,13985,783
2021-10-23,Hello_Email_postnatal_WithApp,US,4,4,38,4,35,0,35,37,0
2021-10-23,Newsletter_postnatal_NoApp,US,0,0,5334,0,5296,293,5310,6443,389
2021-10-23,Hello_Email_prenatal_NoApp,US,746,707,917,706,403,35,404,579,48
2021-10-22,Newsletter_postnatal_NoApp,US,106855,106184,107154,106184,16282,1548,16440,21425,2192
2021-10-22,Newsletter_postnatal_NohApp,US,55065,54819,55119,54819,9658,1273,9770,13635,1768
2021-10-22,,US,652,629,861,629,539,153,540,827,184
2021-10-22,Newsletter_prenatal_WithApp,US,170413,169624,170976,169624,33363,3329,33459,45352,4268
2021-10-22,Hello_Email_prenatal_NoApp,US,801,753,995,753,446,51,446,692,74
2021-10-22,Hello_Email_postnatall_NoApp,US,220,191,259,191,109,11,109,161,12
2021-10-22,Hello_Email_postnatal_WithApp,US,10,10,39,10,32,0,32,40,0
2021-10-21,Hello_Email_prenatal_NoApp,US,782,719,978,719,458,37,462,674,44
2021-10-21,Newsletter_prenatal_WithApp,US,0,0,1046,0,1046,62,1052,1434,78
2021-10-21,Newsletter_postnatal_NohApp,US,0,0,270,0,268,12,270,421,13
2021-10-21,Hello_Email_postnatall_NoApp,US,166,149,217,149,108,10,109,146,10
2021-10-21,,US,664,633,884,633,543,128,543,824,147
2021-10-21,Hello_Email_postnatal_WithApp,US,1,1,37,1,36,0,36,43,0
2021-10-21,Newsletter_postnatal_NoApp,US,0,0,517,0,516,26,517,690,31
2021-10-20,Hello_Email_postnatall_NoApp,US,203,177,242,177,103,10,103,140,11
2021-10-20,Newsletter_prenatal_WithApp,US,0,0,1149,0,1148,52,1150,1591,74
2021-10-20,,US,645,616,889,616,545,155,551,791,171
2021-10-20,Newsletter_postnatal_NohApp,US,0,0,353,0,351,25,352,545,36
2021-10-20,Newsletter_postnatal_NoApp,US,0,0,659,0,658,32,659,882,49
2021-10-20,Hello_Email_postnatal_WithApp,US,10,10,48,10,38,0,38,57,0
2021-10-20,Hello_Email_prenatal_NoApp,US,756,713,987,713,482,43,486,699,51
2021-10-19,Hello_Email_prenatal_NoApp,US,789,743,984,743,460,40,462,717,53
2021-10-19,Hello_Email_postnatal_WithApp,US,5,5,40,5,35,0,35,51,0
2021-10-19,Hello_Email_postnatall_NoApp,US,185,166,234,166,100,10,101,145,13
2021-10-19,,US,622,594,860,593,552,152,555,853,166
2021-10-19,Newsletter_prenatal_WithApp,US,0,0,1518,0,1518,88,1524,2066,115
2021-10-19,Newsletter_postnatal_NohApp,US,0,0,476,0,471,54,475,707,66
2021-10-19,Newsletter_postnatal_NoApp,usa,0,0,808,0,804,47,806,1034,58
2021-10-18,Hello_Email_postnatal_WithApp,US,5,4,48,4,40,1,40,54,1
2021-10-18,Newsletter_prenatal_WithApp,US,0,0,3881,0,2198,176,2204,2927,227
2021-10-18,Hello_Email_postnatall_NoApp,US,203,187,259,187,127,16,127,170,19
2021-10-18,Newsletter_postnatal_NoApp,US,0,0,1222,0,1201,82,1209,1575,109
2021-10-18,Hello_Email_prenatal_NoApp,US,814,772,1080,772,520,48,522,824,75
2021-10-18,Newsletter_postnatal_NohApp,US,0,0,829,0,818,95,827,1202,160
2021-10-18,,US,576,565,818,565,553,153,556,806,199
2021-10-17,Newsletter_prenatal_WithApp,US,0,0,7684,0,2807,202,2812,3760,287
2021-10-17,Newsletter_postnatal_NohApp,US,0,0,943,0,929,102,938,1316,137
2021-10-17,Newsletter_postnatal_NoApp,US,0,0,1469,0,1433,97,1434,1873,126
2021-10-17,Hello_Email_prenatal_NoApp,US,745,707,907,707,371,28,374,583,34
2021-10-17,Hello_Email_prenatal_WithApp,US,1,1,1,1,0,0,0,0,0
2021-10-17,,US,543,524,728,524,436,114,437,674,135
2021-10-17,Hello_Email_postnatal_WithApp,US,49,48,81,48,45,1,45,62,1
2021-10-17,Hello_Email_postnatall_NoApp,US,178,165,207,165,86,8,87,131,8
2021-10-16,Hello_Email_prenatal_NoApp,US,671,634,839,634,354,24,357,559,26
2021-10-16,Newsletter_postnatal_NohApp,US,5,5,3068,5,3049,301,3063,4072,376
2021-10-16,Hello_Email_postnatall_NoApp,US,167,142,207,142,91,5,91,138,7
2021-10-16,Newsletter_postnatal_NoApp,US,0,2,4721,2,4689,273,4695,5714,370
2021-10-16,Hello_Email_postnatal_WithApp,US,18,17,51,17,35,0,35,45,0
2021-10-16,Newsletter_prenatal_WithApp,US,0,0,15712,0,10203,506,10230,12521,664
2021-10-16,,US,526,506,734,506,473,139,478,688,155
2021-10-15,Newsletter_postnatal_NoApp,US,100913,100313,101240,100313,14918,1432,15063,19908,1982
2021-10-15,Hello_Email_postnatal_WithApp,US,19,17,65,17,48,0,48,64,0
2021-10-15,Hello_Email_prenatal_NoApp,US,765,703,963,703,441,35,446,671,44
2021-10-15,Newsletter_postnatal_NohApp,US,54773,54537,54810,54537,9573,1296,9673,13633,1838
2021-10-15,Hello_Email_postnatall_NoApp,US,211,177,255,177,97,10,98,127,12
2021-10-15,,US,604,588,819,587,507,145,511,781,162
2021-10-15,Newsletter_prenatal_WithApp,US,164368,163624,164919,163624,31555,3315,31641,43485,4171
2021-10-14,Hello_Email_prenatal_NoApp,US,754,708,960,708,457,46,457,686,62
2021-10-14,Hello_Email_postnatall_NoApp,US,189,165,236,165,112,12,112,169,15
2021-10-14,Hello_Email_postnatal_WithApp,US,27,25,84,25,62,1,62,80,1
2021-10-14,Newsletter_prenatal_WithApp,US,0,0,994,0,998,50,1000,1352,65
2021-10-14,,US,652,628,877,628,553,144,557,863,174
2021-10-14,Newsletter_postnatal_NohApp,US,0,0,292,0,288,21,290,484,25
2021-10-14,Newsletter_postnatal_NoApp,US,0,0,537,0,536,28,536,759,34
2021-10-13,Newsletter_prenatal_WithApp,US,0,0,1247,0,1253,84,1256,1777,105
2021-10-13,Hello_Email_prenatal_NoApp,US,701,640,923,640,442,54,445,713,74
2021-10-13,Newsletter_postnatal_NoApp,US,0,0,641,0,641,34,641,844,43
2021-10-13,Hello_Email_postnatal_WithApp,US,23,22,74,22,58,0,58,76,0
2021-10-13,,US,589,564,829,564,527,134,533,820,147
2021-10-13,Hello_Email_postnatall_NoApp,US,188,176,236,176,119,10,121,169,17
2021-10-13,Newsletter_postnatal_NohApp,US,0,0,331,0,328,27,331,551,37
2021-10-12,Newsletter_prenatal_WithApp,US,0,0,1571,0,1575,99,1577,2228,129
2021-10-12,Newsletter_postnatal_NoApp,US,0,0,847,0,844,53,846,1129,68
2021-10-12,,US,570,537,817,537,526,149,532,796,182
2021-10-12,Hello_Email_postnatall_NoApp,US,187,173,239,173,121,13,122,188,18
2021-10-12,Hello_Email_postnatal_WithApp,US,4,4,50,4,47,1,47,59,1
2021-10-12,Newsletter_postnatal_NohApp,US,0,0,529,0,526,52,529,872,76
2021-10-12,Hello_Email_prenatal_NoApp,US,861,802,1080,802,497,37,498,768,40
2021-10-11,Hello_Email_postnatall_NoApp,US,159,139,211,139,99,10,99,159,13
2021-10-11,,US,552,531,802,531,532,146,539,834,172
2021-10-11,Newsletter_prenatal_WithApp,US,0,0,4188,0,2309,164,2315,3201,205
2021-10-11,Hello_Email_prenatal_NoApp,US,874,807,1138,807,550,64,554,865,79
2021-10-11,Hello_Email_postnatal_WithApp,US,25,24,76,24,56,1,56,81,2
2021-10-11,Newsletter_postnatal_NohApp,US,0,0,768,0,758,86,765,1171,112
2021-10-11,Newsletter_postnatal_NoApp,US,0,0,1229,0,1217,102,1219,1616,135
2021-10-10,Newsletter_prenatal_WithApp,US,0,0,8685,0,2904,196,2913,3828,263
2021-10-10,,US,589,572,797,571,491,141,498,775,169
2021-10-10,Hello_Email_prenatal_NoApp,US,749,707,912,707,386,28,388,669,33
2021-10-10,Newsletter_postnatal_NoApp,US,0,0,1556,0,1530,91,1535,1964,115
2021-10-10,Newsletter_postnatal_NohApp,US,0,0,960,0,951,100,954,1404,125
2021-10-10,Hello_Email_postnatal_WithApp,US,4,4,38,4,33,1,33,41,1
2021-10-10,Hello_Email_postnatall_NoApp,US,173,157,214,157,94,19,95,161,28
2021-10-09,Hello_Email_postnatall_NoApp,US,156,143,195,143,77,9,77,122,15
2021-10-09,Newsletter_postnatal_NohApp,US,5,5,3040,5,3012,291,3031,4170,370
2021-10-09,Newsletter_prenatal_WithApp,US,3,3,15915,3,10303,588,10326,12834,759
2021-10-09,,US,544,526,743,526,469,140,472,745,164
2021-10-09,Newsletter_postnatal_NoApp,US,0,1,4609,1,4569,268,4588,5611,352
2021-10-09,Hello_Email_prenatal_NoApp,US,685,636,857,636,375,38,379,595,50
2021-10-09,Hello_Email_postnatal_WithApp,US,12,12,55,12,45,0,45,55,0
2021-10-08,Newsletter_prenatal_WithApp,US,178708,177893,179164,177893,33758,3658,33863,47198,4648
2021-10-08,,US,587,570,812,570,507,143,508,765,162
2021-10-08,Hello_Email_postnatal_WithApp,US,25,25,66,25,43,1,43,49,1
2021-10-08,Newsletter_postnatal_NoApp,US,105942,105310,106247,105310,15505,1538,15668,20820,2287
2021-10-08,Hello_Email_postnatall_NoApp,US,181,168,222,168,88,7,89,137,17
2021-10-08,Newsletter_postnatal_NohApp,US,54564,54312,54602,54312,9693,1366,9810,14008,1917
2021-10-08,Hello_Email_prenatal_NoApp,US,765,715,983,715,450,39,453,663,49
2021-10-07,Newsletter_postnatal_NoApp,US,0,0,507,0,502,25,506,692,31
2021-10-07,Hello_Email_postnatall_NoApp,US,155,140,210,140,105,10,106,160,19
2021-10-07,,US,634,605,878,605,543,160,546,858,179
2021-10-07,Newsletter_postnatal_NohApp,US,0,0,292,0,289,23,292,444,30
2021-10-07,Hello_Email_prenatal_NoApp,US,766,701,992,700,482,45,486,741,63
2021-10-07,Newsletter_prenatal_WithApp,US,0,0,932,0,933,39,935,1273,69
2021-10-07,Hello_Email_postnatal_WithApp,US,16,16,68,16,57,1,57,76,1
2021-10-06,Newsletter_postnatal_NohApp,US,0,0,333,0,329,34,333,512,40
2021-10-06,Newsletter_prenatal_WithApp,US,0,0,1116,0,1115,60,1117,1574,81
2021-10-06,Hello_Email_postnatall_NoApp,US,161,147,213,147,115,19,115,185,25
2021-10-06,Hello_Email_prenatal_NoApp,US,798,728,1013,728,460,53,465,737,85
2021-10-06,Hello_Email_postnatal_WithApp,US,8,8,53,8,45,1,45,63,1
2021-10-06,Newsletter_postnatal_NoApp,US,0,0,579,0,576,31,577,796,46
2021-10-06,,US,713,687,940,687,582,175,585,920,195
2021-10-05,Hello_Email_postnatall_NoApp,US,173,150,205,150,88,8,88,134,9
2021-10-05,Newsletter_postnatal_NohApp,US,0,0,469,0,461,44,468,730,55
2021-10-05,Newsletter_postnatal_NoApp,US,0,0,795,0,788,53,795,1028,66
2021-10-05,,US,603,588,842,588,540,154,544,863,177
2021-10-05,Hello_Email_postnatal_WithApp,US,29,28,77,28,53,0,53,65,0
2021-10-05,Newsletter_prenatal_WithApp,US,0,0,1428,0,1428,84,1432,2008,102
2021-10-05,Hello_Email_prenatal_NoApp,US,857,790,1047,790,467,54,468,755,70
2021-10-04,Newsletter_prenatal_WithApp,US,0,0,4132,0,2299,172,2308,3134,208
2021-10-04,Hello_Email_prenatal_NoApp,US,767,709,1032,709,504,51,506,781,73
2021-10-04,Newsletter_postnatal_NoApp,US,0,0,1270,0,1254,111,1259,1690,140
2021-10-04,Newsletter_postnatal_NohApp,US,0,0,886,0,876,102,882,1364,143
2021-10-04,,US,526,513,805,513,556,141,560,886,160
2021-10-04,Hello_Email_postnatal_WithApp,US,30,30,96,30,74,1,74,93,1
2021-10-04,Hello_Email_postnatall_NoApp,US,163,144,228,144,110,8,112,163,10
2021-10-03,Newsletter_postnatal_NohApp,US,0,0,956,0,949,107,955,1422,134
2021-10-03,Hello_Email_postnatal_WithApp,US,1,1,52,1,51,0,51,68,0
2021-10-03,,US,529,502,721,502,426,135,429,660,155
2021-10-03,Newsletter_prenatal_WithApp,US,0,0,8313,0,2746,206,2754,3696,268
2021-10-03,Hello_Email_postnatall_NoApp,US,139,126,187,126,75,6,75,120,7
2021-10-03,Newsletter_postnatal_NoApp,US,0,0,1395,0,1366,97,1370,1771,111
2021-10-03,Hello_Email_prenatal_NoApp,US,664,624,861,624,415,35,419,609,52
2021-10-02,Hello_Email_prenatal_NoApp,US,721,679,860,679,351,35,352,511,43
2021-10-02,Hello_Email_postnatal_WithApp,US,17,16,74,16,56,0,56,81,0
2021-10-02,,US,500,479,662,479,414,109,417,642,127
2021-10-02,Newsletter_postnatal_NohApp,US,7,7,2771,7,2747,306,2762,3854,413
2021-10-02,Newsletter_postnatal_NoApp,US,0,0,4018,0,3978,266,3990,5043,334
2021-10-02,Newsletter_prenatal_WithApp,US,0,0,14562,0,8651,572,8673,11075,781
2021-10-02,Hello_Email_postnatall_NoApp,US,167,152,197,152,80,5,80,107,5
2021-10-01,Hello_Email_postnatal_WithApp,US,33,31,84,31,53,1,53,64,1
2021-10-01,Hello_Email_prenatal_NoApp,US,720,666,924,666,425,39,426,670,50
2021-10-01,Hello_Email_prenatal_WithApp,US,1,1,1,1,0,0,0,0,0
2021-10-01,Newsletter_postnatal_NoApp,US,100812,100196,101141,100196,13975,1492,14125,18965,2001
2021-10-01,Newsletter_prenatal_WithApp,US,171084,170371,171620,170371,30940,3406,31036,43793,4210
2021-10-01,Hello_Email_postnatall_NoApp,US,184,166,229,166,100,14,101,159,24
2021-10-01,,US,420,399,645,399,448,123,450,702,145
2021-10-01,Newsletter_postnatal_NohApp,US,53893,53659,53948,53659,9235,1319,9350,13503,1774
2021-09-30,Hello_Email_postnatal_WithApp,US,30,29,93,29,64,0,64,80,0
2021-09-30,Hello_Email_postnatall_NoApp,US,199,169,264,169,129,11,131,173,21
2021-09-30,,US,583,556,840,556,538,140,546,853,153
2021-09-30,Newsletter_prenatal_WithApp,US,0,0,998,0,1002,61,1002,1449,76
2021-09-30,Newsletter_postnatal_NohApp,US,0,0,328,0,326,43,327,529,62
2021-09-30,Hello_Email_prenatal_NoApp,US,776,731,976,731,459,45,461,720,50
2021-09-30,Newsletter_postnatal_NoApp,US,0,0,514,0,514,37,514,721,49
2021-09-29,Newsletter_postnatal_NoApp,US,0,0,641,0,640,44,640,862,64
2021-09-29,Hello_Email_postnatal_WithApp,US,48,48,114,48,74,3,75,89,5
2021-09-29,Newsletter_prenatal_WithApp,US,0,0,1198,0,1204,66,1210,1681,84
2021-09-29,Hello_Email_postnatall_NoApp,US,219,192,274,192,118,11,119,178,18
2021-09-29,,US,582,561,837,561,554,134,556,905,156
2021-09-29,Hello_Email_prenatal_NoApp,US,883,826,1115,826,506,58,509,805,75
2021-09-29,Newsletter_postnatal_NohApp,US,0,0,371,0,370,33,371,574,45
2021-09-28,Newsletter_postnatal_NohApp,US,0,0,493,0,488,66,493,767,99
2021-09-28,Hello_Email_postnatal_WithApp,US,28,27,74,27,50,0,50,55,0
2021-09-28,Hello_Email_prenatal_NoApp,US,862,799,1082,799,500,60,502,795,88
2021-09-28,Newsletter_prenatal_WithApp,US,0,0,1586,0,1579,128,1588,2318,165
2021-09-28,Hello_Email_postnatall_NoApp,US,200,182,245,182,105,10,106,136,12
2021-09-28,Newsletter_postnatal_NoApp,US,0,0,831,0,829,45,831,1258,49
2021-09-28,,US,646,611,878,611,543,151,545,912,187
2021-09-27,Newsletter_postnatal_NoApp,US,0,0,1178,0,1162,97,1169,1626,116
2021-09-27,Newsletter_prenatal_WithApp,US,0,0,4205,0,2309,184,2313,3279,228
2021-09-27,Hello_Email_prenatal_NoApp,US,776,731,983,730,453,41,453,718,49
2021-09-27,,US,525,506,759,506,504,127,506,833,144
2021-09-27,Hello_Email_postnatall_NoApp,US,202,166,251,166,102,14,103,155,19
2021-09-27,Hello_Email_postnatal_WithApp,US,28,27,78,27,54,2,54,66,2
2021-09-27,Newsletter_postnatal_NohApp,US,0,0,792,0,785,105,790,1249,160
2021-09-26,Hello_Email_prenatal_NoApp,US,533,505,697,505,296,22,296,435,24
2021-09-26,Hello_Email_postnatal_WithApp,US,4,4,51,4,47,1,47,62,1
2021-09-26,Newsletter_postnatal_NoApp,US,0,0,1416,0,1383,104,1387,1955,174
2021-09-26,Hello_Email_postnatall_NoApp,US,151,138,182,138,72,10,72,100,11
2021-09-26,Newsletter_prenatal_WithApp,US,0,0,8687,0,2761,250,2768,3928,325
2021-09-26,,US,428,411,627,411,406,92,409,632,107
2021-09-26,Newsletter_postnatal_NohApp,US,0,0,948,0,941,109,945,1442,150
2021-09-25,Newsletter_postnatal_NohApp,US,7,7,2516,7,2482,318,2501,4710,422
2021-09-25,Hello_Email_postnatall_NoApp,US,148,131,184,131,79,11,79,123,15
2021-09-25,Hello_Email_prenatal_NoApp,US,476,449,629,449,301,34,304,459,41
2021-09-25,Newsletter_prenatal_WithApp,US,0,0,13538,0,7712,636,7731,10640,886
2021-09-25,Hello_Email_postnatal_WithApp,US,4,4,55,4,52,1,52,70,1
2021-09-25,,US,436,424,614,424,373,95,377,624,112
2021-09-25,Newsletter_postnatal_NoApp,US,0,0,3500,0,3467,258,3479,4608,566
2021-09-25,Hello_Email_prenatal_WithApp,US,0,0,1,0,1,0,1,1,0
2021-09-24,Newsletter_prenatal_WithApp,USA,178224,177404,178680,177404,30899,3629,31015,45606,4506
2021-09-24,Hello_Email_postnatal_WithApp,US,23,23,82,23,61,2,61,105,2
2021-09-24,Newsletter_postnatal_NohApp,US,55157,54903,55183,54903,9059,1333,9172,13767,1858
2021-09-24,Hello_Email_prenatal_NoApp,US,706,672,892,672,428,42,430,677,51
2021-09-24,Hello_Email_postnatall_NoApp,US,175,159,220,159,107,19,108,179,23
2021-09-24,Newsletter_postnatal_NoApp,US,105388,104759,105636,104759,13392,1617,13553,18923,2615
2021-09-24,,US,582,549,789,549,487,126,489,747,144
2021-09-23,Newsletter_prenatal_WithApp,US,0,0,821,0,823,53,824,1281,62
2021-09-23,Hello_Email_postnatal_WithApp,US,8,8,71,8,64,1,64,94,1
2021-09-23,Newsletter_postnatal_NohApp,US,0,0,277,0,276,28,277,427,31
2021-09-23,,US,636,613,878,613,563,130,565,896,149
2021-09-23,Hello_Email_prenatal_NoApp,US,719,677,964,677,485,53,487,807,72
2021-09-23,Hello_Email_prenatal_WithApp,US,0,0,1,0,1,0,1,1,0
2021-09-23,Hello_Email_postnatall_NoApp,US,200,178,250,178,106,16,106,156,19
2021-09-23,Newsletter_postnatal_NoApp,US,0,0,415,0,414,23,414,586,29
2021-09-22,Hello_Email_prenatal_WithApp,US,1,1,1,1,1,0,1,1,0
2021-09-22,Newsletter_postnatal_NoApp,US,0,0,503,0,501,39,503,726,93
2021-09-22,Hello_Email_prenatal_NoApp,US,786,746,997,746,463,54,465,693,70
2021-09-22,Hello_Email_postnatall_NoApp,US,179,154,217,154,94,12,94,133,13
2021-09-22,Newsletter_postnatal_NohApp,US,0,0,305,0,305,29,305,540,42
2021-09-22,Hello_Email_postnatal_WithApp,US,23,22,91,22,74,0,74,90,0
2021-09-22,,US,657,629,875,629,543,145,549,876,165
2021-09-22,Newsletter_prenatal_WithApp,US,0,0,983,0,984,76,986,1432,98
2021-09-21,Newsletter_postnatal_NohApp,US,0,0,442,0,438,47,439,681,58
2021-09-21,Hello_Email_postnatall_NoApp,US,201,176,248,176,102,14,102,169,16
2021-09-21,Newsletter_prenatal_WithApp,US,0,0,1215,0,1213,106,1215,1742,129
2021-09-21,Newsletter_postnatal_NoApp,US,0,0,673,0,671,55,673,940,68
2021-09-21,,US,583,561,815,561,515,141,517,823,163
2021-09-21,Hello_Email_prenatal_NoApp,US,821,767,1067,767,492,33,496,784,55
2021-09-21,Hello_Email_postnatal_WithApp,US,21,19,97,19,78,2,78,95,2
2021-09-20,Hello_Email_prenatal_NoApp,US,799,747,1026,747,527,58,529,910,84
2021-09-20,Newsletter_prenatal_WithApp,US,0,0,3824,0,1886,187,1891,2764,253
2021-09-20,Hello_Email_postnatal_WithApp,US,12,11,87,11,78,2,78,117,4
2021-09-20,Newsletter_postnatal_NoApp,US,0,0,1024,0,1008,82,1010,1428,106
2021-09-20,Hello_Email_postnatall_NoApp,US,190,172,244,172,122,14,122,186,17
2021-09-20,Newsletter_postnatal_NohApp,US,0,0,716,0,711,75,715,1241,89
2021-09-20,,US,582,565,843,565,556,134,558,923,146
2021-09-19,Newsletter_postnatal_NoApp,US,0,0,1152,0,1116,107,1121,1633,131
2021-09-19,Hello_Email_postnatall_NoApp,US,161,150,192,150,87,11,88,131,13
2021-09-19,Hello_Email_prenatal_NoApp,US,677,640,865,640,394,33,395,609,43
2021-09-19,Hello_Email_postnatal_WithApp,US,37,37,108,37,78,1,78,112,1
2021-09-19,Newsletter_postnatal_NohApp,US,0,0,801,0,789,105,796,1225,134
2021-09-19,,US,504,478,719,478,451,130,455,803,153
2021-09-19,Newsletter_prenatal_WithApp,US,0,0,7979,0,2187,236,2191,3294,293
2021-09-18,Hello_Email_postnatal_WithApp,US,18,18,71,18,54,1,54,69,1
2021-09-18,Newsletter_prenatal_WithApp,US,0,0,11473,0,5388,606,5396,8183,807
2021-09-18,,US,492,473,684,473,397,112,401,674,122
2021-09-18,Newsletter_postnatal_NoApp,US,0,0,2595,0,2553,252,2562,3669,351
2021-09-18,Hello_Email_prenatal_NoApp,US,676,637,834,637,332,31,334,540,42
2021-09-18,Hello_Email_postnatall_NoApp,US,184,173,233,173,106,7,106,157,8
2021-09-18,Newsletter_postnatal_NohApp,US,7,7,2062,7,2043,321,2053,3194,386
2021-09-17,Hello_Email_postnatall_NoApp,US,200,183,238,183,109,18,110,171,23
2021-09-17,Newsletter_prenatal_WithApp,US,178678,177935,179126,177935,28925,3858,29000,45079,4823
2021-09-17,,US,547,525,787,525,502,152,506,865,182
2021-09-17,Hello_Email_postnatal_WithApp,US,3,3,73,3,71,1,71,87,1
2021-09-17,Hello_Email_prenatal_NoApp,US,769,736,980,736,423,36,427,681,44
2021-09-17,Newsletter_postnatal_NoApp,US,104105,103488,104384,103488,12706,1544,12819,18347,2147
2021-09-17,Newsletter_postnatal_NohApp,US,54587,54346,54625,54346,8261,1361,8323,12997,1755
2021-09-16,,US,581,561,840,561,542,122,545,869,148
2021-09-16,Newsletter_postnatal_NohApp,US,0,0,256,0,251,26,254,406,33
2021-09-16,Hello_Email_postnatall_NoApp,US,217,186,265,186,98,13,99,149,25
2021-09-16,Newsletter_postnatal_NoApp,US,0,0,413,0,412,24,412,608,34
2021-09-16,Hello_Email_prenatal_NoApp,US,829,769,1063,769,489,51,492,844,73
2021-09-16,Newsletter_prenatal_WithApp,US,0,0,798,0,799,52,800,1204,70
2021-09-16,Hello_Email_postnatal_WithApp,US,4,4,74,4,71,2,71,85,2
2021-09-15,Newsletter_prenatal_WithApp,US,0,0,1083,0,1086,80,1087,1610,98
2021-09-15,Hello_Email_postnatal_WithApp,US,6,6,85,6,81,2,81,100,2
2021-09-15,Newsletter_postnatal_NoApp,US,0,0,546,0,538,34,542,826,41
2021-09-15,Hello_Email_postnatall_NoApp,US,181,154,237,154,112,12,114,172,14
2021-09-15,,US,623,594,897,594,604,144,606,1014,180
2021-09-15,Hello_Email_prenatal_NoApp,US,828,769,1073,769,522,52,526,880,77
2021-09-15,Newsletter_postnatal_NohApp,US,0,0,345,0,342,31,345,597,44
2021-09-14,Hello_Email_postnatall_NoApp,US,212,188,270,188,130,20,131,197,24
2021-09-14,Newsletter_postnatal_NohApp,US,0,0,452,0,450,56,452,687,71
2021-09-14,Newsletter_postnatal_NoApp,US,0,0,733,0,728,49,732,1134,58
2021-09-14,Newsletter_prenatal_WithApp,US,0,0,1343,0,1349,91,1349,2011,118
2021-09-14,,US,655,635,891,635,570,164,574,987,195
2021-09-14,Hello_Email_prenatal_NoApp,US,838,796,1065,796,510,38,511,862,48
2021-09-14,Hello_Email_postnatal_WithApp,US,2,2,83,2,81,1,81,94,1
2021-09-13,,US,646,623,956,623,656,172,660,1104,198
2021-09-13,Newsletter_postnatal_NoApp,US,0,0,1090,0,1071,96,1074,1509,118
2021-09-13,Hello_Email_postnatal_WithApp,US,8,6,96,6,88,1,88,120,1
2021-09-13,Newsletter_postnatal_NohApp,US,0,0,750,0,747,96,749,1184,124
2021-09-13,Hello_Email_prenatal_NoApp,US,833,772,1065,772,492,54,496,797,71
2021-09-13,Newsletter_prenatal_WithApp,US,0,0,3929,0,2014,188,2017,3091,239
2021-09-13,Hello_Email_postnatall_NoApp,US,197,171,272,171,141,22,141,224,27
2021-09-12,Newsletter_postnatal_NohApp,US,0,0,832,0,821,100,825,1301,129
2021-09-12,Newsletter_prenatal_WithApp,US,0,0,8388,0,2423,230,2425,3683,289
2021-09-12,Newsletter_postnatal_NoApp,US,0,0,1218,0,1183,107,1188,1687,181
2021-09-12,Hello_Email_postnatall_NoApp,US,216,199,260,199,118,17,119,202,24
2021-09-12,,US,602,566,811,566,494,156,499,857,186
2021-09-12,Hello_Email_prenatal_NoApp,US,808,760,975,760,413,39,416,626,49
2021-09-12,Hello_Email_postnatal_WithApp,US,4,4,64,4,59,1,59,83,1
2021-09-11,Hello_Email_prenatal_NoApp,US,727,692,873,692,368,34,371,609,41
2021-09-11,Newsletter_prenatal_WithApp,US,0,0,11883,0,5846,636,5859,9021,808
2021-09-11,Hello_Email_postnatal_WithApp,US,4,4,69,4,65,4,65,92,24
2021-09-11,,US,514,492,692,492,426,108,428,698,127
2021-09-11,Newsletter_postnatal_NohApp,US,9,9,2116,9,2098,280,2104,3268,356
2021-09-11,Newsletter_postnatal_NoApp,US,0,0,2812,0,2758,308,2766,4080,381
2021-09-11,Hello_Email_postnatall_NoApp,US,156,143,182,142,67,9,68,119,12
2021-09-10,Newsletter_prenatal_WithApp,US,182924,182164,183339,182164,30311,4018,30395,46965,5025
2021-09-10,Hello_Email_prenatal_NoApp,US,759,719,977,719,457,43,464,723,59
2021-09-10,Newsletter_postnatal_NoApp,USA,106751,106175,106979,106175,12812,1640,12895,18747,2225
2021-09-10,Hello_Email_postnatal_WithApp,US,32,32,104,32,79,5,79,102,5
2021-09-10,Hello_Email_postnatall_NoApp,US,161,144,205,144,101,6,101,177,7
2021-09-10,,US,636,605,889,605,578,151,581,950,183
2021-09-10,Newsletter_postnatal_NohApp,usa,56012,55778,56038,55778,8644,1356,8701,13673,2089
2021-09-09,Hello_Email_prenatal_NoApp,US,757,708,948,708,452,51,455,712,68
2021-09-09,,US,686,670,931,670,614,178,617,1053,204
2021-09-09,Hello_Email_postnatal_WithApp,US,35,31,121,31,91,0,91,118,0
2021-09-09,Newsletter_prenatal_WithApp,US,0,0,848,0,849,55,850,1265,76
2021-09-09,Hello_Email_postnatall_NoApp,US,169,154,215,154,97,17,97,159,28
2021-09-09,Newsletter_postnatal_NohApp,US,0,0,271,0,269,24,271,408,29
2021-09-09,Newsletter_postnatal_NoApp,US,0,0,437,0,434,34,435,631,50
2021-09-08,Newsletter_prenatal_WithApp,US,0,0,1011,0,1008,84,1012,1454,103
2021-09-08,Hello_Email_postnatal_WithApp,US,9,7,113,7,104,3,104,137,4
2021-09-08,Newsletter_postnatal_NoApp,US,0,0,529,0,528,33,528,787,75
2021-09-08,Newsletter_postnatal_NohApp,US,0,0,323,0,322,28,323,563,41
2021-09-08,Hello_Email_prenatal_NoApp,US,648,608,840,608,387,40,390,656,51
2021-09-08,Hello_Email_postnatall_NoApp,US,159,148,209,148,96,11,96,153,15
2021-09-08,,US,671,650,953,650,619,162,624,1048,184
2021-09-07,Hello_Email_postnatal_WithApp,US,8,8,113,8,108,1,108,143,1
2021-09-07,Newsletter_postnatal_NoApp,US,0,0,752,0,747,67,751,1015,91
2021-09-07,Hello_Email_prenatal_NoApp,US,670,629,900,629,465,40,469,754,69
2021-09-07,Newsletter_prenatal_WithApp,US,0,0,1350,0,1348,114,1349,2023,150
2021-09-07,,US,635,609,925,609,624,138,630,1036,159
2021-09-07,Newsletter_postnatal_NohApp,US,0,0,434,0,432,38,434,712,48
2021-09-07,Hello_Email_postnatall_NoApp,US,129,118,171,118,78,8,78,102,8
2021-09-06,Newsletter_postnatal_NoApp,US,0,0,854,0,838,83,844,1232,108
2021-09-06,Newsletter_postnatal_NohApp,US,0,0,571,0,563,70,568,900,93
2021-09-06,Hello_Email_postnatal_WithApp,US,20,20,105,20,89,1,89,122,1
2021-09-06,Hello_Email_prenatal_NoApp,US,602,562,814,562,386,37,388,658,46
2021-09-06,Newsletter_prenatal_WithApp,US,0,0,3059,0,1543,131,1545,2267,165
2021-09-06,,US,592,564,837,564,527,139,531,874,174
2021-09-06,Hello_Email_postnatall_NoApp,US,106,94,157,94,84,3,84,127,3
2021-09-05,Newsletter_prenatal_WithApp,US,0,0,7149,0,2115,217,2117,3203,280
2021-09-05,Newsletter_postnatal_NohApp,US,0,0,726,0,722,74,725,1155,96
2021-09-05,Hello_Email_postnatall_NoApp,US,105,97,141,97,69,8,70,131,14
2021-09-05,Hello_Email_postnatal_WithApp,US,2,2,61,2,57,1,57,82,1
2021-09-05,Newsletter_postnatal_NoApp,US,0,0,1000,0,972,95,974,1380,129
2021-09-05,Hello_Email_prenatal_NoApp,US,569,536,738,536,349,37,351,561,60
2021-09-05,,US,561,546,736,546,447,123,453,810,152
2021-09-04,Hello_Email_postnatall_NoApp,US,115,106,160,106,86,11,87,150,19
2021-09-04,Hello_Email_postnatal_WithApp,US,10,10,89,10,76,1,76,104,1
2021-09-04,Newsletter_prenatal_WithApp,US,0,0,10676,0,5105,579,5118,7767,732
2021-09-04,,US,554,528,728,528,432,105,433,706,118
2021-09-04,Hello_Email_prenatal_NoApp,US,538,508,711,508,339,36,341,497,49
2021-09-04,Newsletter_postnatal_NohApp,US,6,6,1879,6,1856,275,1870,3002,366
2021-09-04,Newsletter_postnatal_NoApp,US,0,0,2392,0,2358,255,2366,3484,313
2021-09-03,Newsletter_postnatal_NohApp,US,50049,49823,50101,49823,7582,1144,7626,11760,1501
2021-09-03,Hello_Email_prenatal_NoApp,US,675,631,878,631,454,49,457,771,70
2021-09-03,Newsletter_prenatal_WithApp,US,167329,166610,167809,166610,26733,3409,26807,41319,4242
2021-09-03,Newsletter_postnatal_NoApp,US,95164,94600,95398,94600,11097,1299,11189,16023,1766
2021-09-03,Hello_Email_postnatall_NoApp,US,194,178,224,178,76,11,76,126,13
2021-09-03,Hello_Email_postnatal_WithApp,US,51,51,155,51,115,5,115,151,5
2021-09-03,,US,564,544,762,544,466,119,469,764,137
2021-09-02,Newsletter_prenatal_WithApp,US,0,0,759,0,761,53,761,1124,65
2021-09-02,Newsletter_postnatal_NohApp,US,0,0,240,0,239,22,240,435,30
2021-09-02,Hello_Email_postnatall_NoApp,US,176,163,200,163,95,15,95,149,18
2021-09-02,Hello_Email_postnatal_WithApp,US,59,57,177,57,124,7,124,172,9
2021-09-02,Hello_Email_prenatal_NoApp,US,733,683,901,683,448,57,452,717,70
2021-09-02,,US,577,557,805,557,530,138,532,866,165
2021-09-02,Newsletter_postnatal_NoApp,US,0,0,422,0,416,37,422,579,42
2021-09-01,Hello_Email_postnatall_NoApp,US,113,100,144,100,70,11,71,126,19
2021-09-01,Hello_Email_postnatal_WithApp,US,50,46,171,46,130,1,131,178,1
2021-09-01,,US,671,645,917,645,614,164,614,1045,185
2021-09-01,Newsletter_postnatal_NohApp,US,0,0,312,0,310,37,311,594,43
2021-09-01,Newsletter_prenatal_WithApp,US,0,0,1007,0,1008,75,1009,1506,90
2021-09-01,Newsletter_postnatal_NoApp,US,0,0,505,0,504,33,505,719,39
2021-09-01,Hello_Email_prenatal_NoApp,US,492,462,668,462,356,24,357,573,46
2021-08-31,,US,655,626,870,626,539,136,543,851,155
2021-08-31,Newsletter_postnatal_NohApp,US,0,0,454,0,451,51,453,696,64
2021-08-31,Hello_Email_prenatal_NoApp,US,572,542,766,542,406,34,409,658,48
2021-08-31,Newsletter_prenatal_WithApp,US,0,0,1278,0,1279,103,1282,1957,135
2021-08-31,Hello_Email_postnatal_WithApp,US,19,17,144,17,130,2,130,169,2
2021-08-31,Newsletter_postnatal_NoApp,US,0,0,693,0,692,52,692,975,63
2021-08-31,Hello_Email_postnatall_NoApp,US,167,127,202,127,77,5,77,127,5
2021-08-31,Hello_Email_prenatal_WithApp,US,0,0,1,0,1,0,1,1,0
2021-08-30,,US,603,574,855,574,568,146,574,925,166
2021-08-30,Hello_Email_prenatal_NoApp,US,581,544,796,544,422,37,427,742,55
2021-08-30,Hello_Email_postnatal_WithApp,US,19,15,147,15,127,1,127,152,1
2021-08-30,Hello_Email_prenatal_WithApp,US,0,0,1,0,1,0,1,1,0
2021-08-30,Newsletter_prenatal_WithApp,US,0,0,3771,0,1872,170,1876,2871,205
2021-08-30,Newsletter_postnatal_NohApp,US,0,0,646,0,640,85,646,983,114
2021-08-30,Newsletter_postnatal_NoApp,US,0,0,1002,0,983,97,986,1425,113
2021-08-30,Hello_Email_postnatall_NoApp,US,146,132,191,131,104,6,105,173,6
2021-08-29,Hello_Email_prenatal_NoApp,US,557,527,713,527,351,38,354,588,49
2021-08-29,Newsletter_prenatal_WithApp,US,0,0,9531,0,2330,266,2338,3617,339
2021-08-29,Newsletter_postnatal_NoApp,US,0,0,1189,0,1154,107,1157,1609,132
2021-08-29,,US,579,552,782,552,500,141,508,884,166
2021-08-29,Hello_Email_postnatall_NoApp,US,108,95,139,95,66,9,67,96,11
2021-08-29,Hello_Email_postnatal_WithApp,US,2,2,119,2,115,5,115,133,5
2021-08-29,Newsletter_postnatal_NohApp,US,0,0,781,0,773,90,776,1211,114
2021-08-28,Newsletter_postnatal_NohApp,US,10,10,2068,10,2047,322,2059,3273,413
2021-08-28,Newsletter_prenatal_WithApp,US,1,1,11933,1,5665,688,5682,8764,903
2021-08-28,,US,576,551,749,551,437,122,439,724,135
2021-08-28,Hello_Email_postnatal_WithApp,US,7,7,143,7,122,4,123,168,4
2021-08-28,Newsletter_postnatal_NoApp,US,0,0,2675,0,2647,270,2653,3684,381
2021-08-28,Hello_Email_postnatall_NoApp,US,112,96,143,96,62,7,63,101,27
2021-08-28,Hello_Email_prenatal_NoApp,US,513,491,660,491,316,27,319,518,45
2021-08-27,Newsletter_postnatal_NohApp,US,58367,58114,58391,58114,8879,1384,8953,13829,1880
2021-08-27,Newsletter_postnatal_NoApp,US,106318,105732,106577,105732,12592,1600,12684,18161,2214
2021-08-27,Hello_Email_postnatal_WithApp,US,26,26,261,26,172,6,173,234,8
2021-08-27,Hello_Email_prenatal_NoApp,US,549,512,733,512,422,34,425,672,50
2021-08-27,Newsletter_prenatal_WithApp,US,185160,184399,185549,184399,29526,3974,29594,46152,5046
2021-08-27,,US,604,571,813,571,491,137,498,859,151
2021-08-27,Hello_Email_postnatall_NoApp,US,148,124,176,124,72,12,72,121,15
2021-08-26,Hello_Email_postnatall_NoApp,US,134,101,166,101,82,11,84,138,14
2021-08-26,Hello_Email_postnatal_WithApp,US,425,413,801,413,363,15,364,568,23
2021-08-26,Hello_Email_prenatal_NoApp,US,538,507,708,507,461,37,463,745,45
2021-08-26,,US,657,627,861,627,570,164,573,950,200
2021-08-26,Newsletter_postnatal_NoApp,US,0,0,415,0,414,27,415,616,30
2021-08-26,Newsletter_postnatal_NohApp,US,0,0,245,0,245,28,245,378,34
2021-08-26,Newsletter_prenatal_WithApp,US,0,0,741,0,744,46,744,1083,63
2021-08-25,Hello_Email_postnatall_NoApp,US,122,110,149,110,92,8,92,130,13
2021-08-25,Newsletter_postnatal_NohApp,US,0,0,320,0,320,35,320,499,42
2021-08-25,Hello_Email_prenatal_NoApp,US,532,500,728,500,490,30,493,795,39
2021-08-25,Newsletter_prenatal_WithApp,US,0,0,969,0,974,81,977,1493,91
2021-08-25,Newsletter_postnatal_NoApp,US,0,0,476,0,474,42,475,703,50
2021-08-25,Hello_Email_postnatal_WithApp,US,1301,1243,1731,1243,567,24,568,898,41
2021-08-25,,US,584,570,815,570,540,147,543,913,177
2021-08-24,Newsletter_postnatal_NohApp,US,0,0,458,0,457,51,458,701,61
2021-08-24,Hello_Email_prenatal_WithApp,US,1,1,1,1,0,0,0,0,0
2021-08-24,Hello_Email_postnatall_NoApp,US,132,113,170,113,108,10,108,169,19
2021-08-24,Newsletter_postnatal_NoApp,US,0,0,698,0,697,57,698,986,68
2021-08-24,Newsletter_prenatal_WithApp,US,0,0,1283,0,1282,81,1284,1913,102
2021-08-24,Hello_Email_prenatal_NoApp,US,628,580,820,580,557,38,560,908,43
2021-08-24,,US,629,605,872,605,585,142,590,1030,190
2021-08-24,Hello_Email_postnatal_WithApp,US,1492,1416,1945,1416,615,27,615,982,34
2021-08-23,Hello_Email_postnatall_NoApp,US,129,118,160,118,85,3,85,122,3
2021-08-23,Hello_Email_prenatal_NoApp,US,642,601,833,601,589,34,594,881,47
2021-08-23,Newsletter_postnatal_NoApp,US,0,0,1051,0,1033,89,1037,1659,110
2021-08-23,Hello_Email_prenatal_WithApp,US,1,1,1,1,0,0,0,0,0
2021-08-23,Newsletter_postnatal_NohApp,US,0,0,748,0,735,88,743,1128,116
2021-08-23,,US,628,598,875,598,566,160,572,970,180
2021-08-23,Hello_Email_postnatal_WithApp,US,1617,1541,2105,1541,712,30,714,1193,38
2021-08-23,Newsletter_prenatal_WithApp,US,0,0,3915,0,1896,193,1897,2890,253
2021-08-22,Newsletter_postnatal_NoApp,US,0,0,1239,0,1199,114,1204,1703,139
2021-08-22,Newsletter_postnatal_NohApp,US,0,0,854,0,846,85,849,1304,104
2021-08-22,Hello_Email_prenatal_NoApp,US,555,515,707,515,521,36,526,802,47
2021-08-22,Hello_Email_prenatal_WithApp,US,1,1,1,1,0,0,0,0,0
2021-08-22,Newsletter_prenatal_WithApp,US,0,0,8375,0,2313,217,2315,3482,270
2021-08-22,,US,619,592,819,592,501,143,503,881,162
2021-08-22,Hello_Email_postnatall_NoApp,US,103,93,130,93,79,11,80,134,14
2021-08-22,Hello_Email_postnatal_WithApp,US,1618,1551,2028,1551,646,26,648,1034,38
2021-08-21,Hello_Email_prenatal_NoApp,US,469,437,607,437,415,28,415,629,31
2021-08-21,Hello_Email_postnatal_WithApp,US,1420,1369,1751,1369,507,23,509,836,41
2021-08-21,Newsletter_postnatal_NoApp,US,0,0,2762,0,2717,254,2725,3919,327
2021-08-21,Hello_Email_postnatall_NoApp,US,96,86,118,86,58,13,60,94,16
2021-08-21,,US,564,547,749,547,447,129,450,722,154
2021-08-21,Newsletter_postnatal_NohApp,US,10,10,2158,10,2126,305,2141,3293,398
2021-08-21,Newsletter_prenatal_WithApp,US,2,2,11866,2,5607,634,5623,8511,805
2021-08-20,Hello_Email_prenatal_NoApp,US,581,545,740,545,414,39,414,697,54
2021-08-20,Hello_Email_postnatal_WithApp,US,1446,1384,1889,1384,632,27,634,1033,33
2021-08-20,Hello_Email_postnatall_NoApp,US,110,105,139,105,77,8,77,115,8
2021-08-20,,US,570,547,783,547,508,155,510,828,175
2021-08-20,Newsletter_postnatal_NoApp,US,107886,107224,108136,107224,12841,1608,12933,18614,2125
2021-08-20,Newsletter_postnatal_NohApp,US,59754,59450,59784,59450,9148,1382,9202,14508,1864
2021-08-20,Newsletter_prenatal_WithApp,US,186383,185650,186785,185650,29642,3955,29715,45999,4961
2021-08-19,Newsletter_prenatal_WithApp,US,0,0,774,0,778,47,779,1155,58
2021-08-19,Newsletter_postnatal_NohApp,US,0,0,273,0,271,21,272,483,24
2021-08-19,Hello_Email_postnatall_NoApp,US,104,96,144,96,74,10,75,116,11
2021-08-19,Hello_Email_postnatal_WithApp,US,1530,1434,1976,1434,620,25,622,984,33
2021-08-19,,US,603,584,823,584,511,155,514,827,171
2021-08-19,Hello_Email_prenatal_NoApp,US,545,509,718,509,380,37,381,643,49
2021-08-19,Newsletter_postnatal_NoApp,US,0,0,386,0,386,24,386,562,32
2021-08-18,Newsletter_postnatal_NoApp,US,0,0,475,0,473,24,473,673,28
2021-08-18,Newsletter_postnatal_NohApp,US,0,0,327,0,326,33,327,540,39
2021-08-18,Hello_Email_prenatal_NoApp,US,595,565,780,565,456,47,457,746,57
2021-08-18,Hello_Email_postnatal_WithApp,US,1653,1566,2122,1564,677,24,679,1039,29
2021-08-18,Hello_Email_postnatall_NoApp,US,136,97,177,97,75,10,76,132,10
2021-08-18,Newsletter_prenatal_WithApp,US,0,0,937,0,939,68,939,1453,99
2021-08-18,,US,620,596,870,596,556,176,561,904,210
2021-08-17,Newsletter_prenatal_WithApp,US,0,0,1243,0,1243,103,1245,1867,135
2021-08-17,Hello_Email_postnatal_WithApp,US,1564,1504,2068,1504,680,25,681,1105,33
2021-08-17,Hello_Email_prenatal_NoApp,US,573,539,775,539,447,32,448,708,38
2021-08-17,Newsletter_postnatal_NohApp,US,0,0,429,0,427,49,428,640,58
2021-08-17,Newsletter_postnatal_NoApp,US,0,0,690,0,687,49,688,980,61
2021-08-17,,US,613,589,867,589,577,172,578,943,195
2021-08-17,Hello_Email_postnatall_NoApp,US,126,110,168,110,77,7,78,111,8
2021-08-17,Hello_Email_prenatal_WithApp,US,0,0,2,0,2,0,2,2,0
2021-08-16,Hello_Email_postnatal_WithApp,US,1776,1691,2340,1691,804,23,806,1353,39
2021-08-16,Newsletter_prenatal_WithApp,US,0,0,4020,0,1873,174,1876,2765,207
2021-08-16,,US,622,595,888,595,596,183,598,1040,203
2021-08-16,Hello_Email_prenatal_NoApp,US,564,536,782,536,417,35,421,694,47
2021-08-16,Newsletter_postnatal_NoApp,US,0,0,1022,0,1011,86,1012,1404,116
2021-08-16,Hello_Email_prenatal_WithApp,US,5,4,6,4,2,0,2,2,0
2021-08-16,Hello_Email_postnatall_NoApp,US,118,104,158,104,79,7,80,133,11
2021-08-16,Newsletter_postnatal_NohApp,US,0,0,736,0,729,93,734,1127,123
2021-08-15,Hello_Email_postnatall_NoApp,US,102,91,140,91,63,5,63,108,12
2021-08-15,Hello_Email_prenatal_WithApp,US,2,2,3,2,3,0,3,10,0
2021-08-15,Newsletter_prenatal_WithApp,US,0,0,10562,0,2180,224,2183,3232,305
2021-08-15,Hello_Email_prenatal_NoApp,US,496,466,635,466,288,42,291,413,52
2021-08-15,Hello_Email_postnatal_WithApp,US,1734,1680,2169,1680,634,24,635,1033,28
2021-08-15,,US,537,514,725,514,457,135,460,770,166
2021-08-15,Newsletter_postnatal_NohApp,US,0,0,874,0,861,118,866,1369,146
2021-08-15,Newsletter_postnatal_NoApp,US,0,0,1159,0,1128,86,1131,1568,95
2021-08-14,Newsletter_postnatal_NohApp,US,11,11,2303,11,2274,337,2286,3535,455
2021-08-14,Hello_Email_postnatal_WithApp,US,1547,1483,1980,1483,628,26,632,1002,27
2021-08-14,Hello_Email_postnatall_NoApp,US,117,99,152,99,85,4,85,133,4
2021-08-14,Newsletter_prenatal_WithApp,US,3,6,11790,6,5610,650,5621,8447,815
2021-08-14,Hello_Email_prenatal_WithApp,US,1,1,1,1,0,0,0,0,0
2021-08-14,,US,449,437,630,437,401,120,403,696,157
2021-08-14,Newsletter_postnatal_NoApp,US,0,1,2665,1,2610,282,2623,3727,370
2021-08-14,Hello_Email_prenatal_NoApp,US,516,485,662,485,425,33,428,642,40
2021-08-13,,US,575,557,754,557,454,137,460,793,169
2021-08-13,Hello_Email_prenatal_WithApp,US,0,0,2,0,2,0,2,2,0
2021-08-13,Hello_Email_prenatal_NoApp,US,566,527,753,527,411,34,412,649,41
2021-08-13,Newsletter_postnatal_NoApp,US,106652,106070,106876,106070,12408,1494,12496,17717,2016
2021-08-13,Newsletter_postnatal_NohApp,US,61330,61035,61365,61035,9222,1421,9290,14448,1889
2021-08-13,Hello_Email_postnatal_WithApp,US,1564,1507,2032,1507,762,24,764,1134,33
2021-08-13,Hello_Email_postnatall_NoApp,US,121,107,157,107,92,14,93,152,15
2021-08-13,Newsletter_prenatal_WithApp,US,186430,185585,186861,185585,29242,3963,29316,45207,4961
2021-08-12,Newsletter_postnatal_NoApp,US,0,0,389,0,387,15,387,570,16
2021-08-12,,US,616,583,825,583,522,159,526,871,194
2021-08-12,Hello_Email_postnatal_WithApp,US,1614,1548,2146,1548,788,19,789,1198,25
2021-08-12,Hello_Email_prenatal_NoApp,US,616,576,812,576,392,38,393,607,48
2021-08-12,Newsletter_postnatal_NohApp,US,0,0,276,0,276,11,276,414,12
2021-08-12,Newsletter_prenatal_WithApp,US,0,0,743,0,738,50,741,1105,62
2021-08-12,Hello_Email_postnatall_NoApp,US,142,126,182,126,92,10,93,142,10
2021-08-11,Hello_Email_postnatal_WithApp,US,1659,1601,2261,1601,979,73,982,1601,83
2021-08-11,Hello_Email_prenatal_NoApp,US,632,598,868,597,463,78,466,742,112
2021-08-11,Hello_Email_postnatall_NoApp,US,124,111,164,111,89,19,89,156,20
2021-08-11,,US,650,621,875,619,555,186,565,943,259
2021-08-11,Newsletter_prenatal_WithApp,US,0,0,912,0,912,59,913,1344,79
2021-08-11,Newsletter_postnatal_NoApp,US,0,0,471,0,468,32,469,659,38
2021-08-11,Hello_Email_prenatal_WithApp,US,2,2,3,2,3,0,3,3,0
2021-08-11,Newsletter_postnatal_NohApp,US,0,0,306,0,303,19,306,457,37
2021-08-10,Newsletter_prenatal_WithApp,US,0,0,1287,0,1287,90,1290,1918,114
2021-08-10,,US,550,532,787,532,516,148,519,863,178
2021-08-10,Newsletter_postnatal_NohApp,US,0,0,482,0,479,42,481,821,58
2021-08-10,Hello_Email_postnatall_NoApp,US,132,104,177,104,77,16,79,129,21
2021-08-10,Hello_Email_prenatal_WithApp,US,1,1,1,1,1,1,1,3,1
2021-08-10,Hello_Email_postnatal_WithApp,US,1722,1641,2412,1641,1049,75,1050,1614,83
2021-08-10,Newsletter_postnatal_NoApp,US,0,0,645,0,639,39,642,847,48
2021-08-10,Hello_Email_prenatal_NoApp,US,691,651,915,651,455,70,457,788,94
2021-08-09,Hello_Email_prenatal_NoApp,US,709,656,943,656,462,85,466,751,111
2021-08-09,Newsletter_postnatal_NohApp,US,0,0,730,0,717,80,722,1182,110
2021-08-09,Hello_Email_postnatall_NoApp,US,149,130,191,130,77,14,79,113,17
2021-08-09,Newsletter_postnatal_NoApp,US,0,0,1050,0,1027,88,1030,1445,108
2021-08-09,Hello_Email_postnatal_WithApp,US,1923,1849,2672,1849,1207,86,1207,1862,101
2021-08-09,Newsletter_prenatal_WithApp,US,0,0,4046,0,1972,181,1977,3080,216
2021-08-09,,US,570,551,789,551,504,154,508,881,174
2021-08-08,Newsletter_postnatal_NoApp,US,0,0,1146,0,1108,117,1115,1567,138
2021-08-08,Newsletter_prenatal_WithApp,US,0,0,8607,0,2327,249,2331,3453,297
2021-08-08,Hello_Email_postnatall_NoApp,US,123,109,156,109,61,10,61,85,14
2021-08-08,,US,498,477,684,477,423,138,430,685,166
2021-08-08,Hello_Email_postnatal_WithApp,US,1945,1864,2556,1864,1033,90,1035,1669,99
2021-08-08,Hello_Email_prenatal_NoApp,US,674,639,847,639,366,64,372,567,77
2021-08-08,Newsletter_postnatal_NohApp,US,0,0,903,0,888,113,893,1390,148
2021-08-07,Hello_Email_postnatal_WithApp,US,1666,1596,2163,1596,893,67,894,1446,86
2021-08-07,,US,424,407,599,407,360,94,362,561,119
2021-08-07,Hello_Email_prenatal_NoApp,US,612,579,755,579,304,47,305,463,61
2021-08-07,Hello_Email_postnatall_NoApp,US,119,107,154,107,76,13,76,105,17
2021-08-07,Newsletter_postnatal_NohApp,US,11,11,2324,11,2301,349,2313,3675,443
2021-08-07,Newsletter_postnatal_NoApp,US,0,0,2747,0,2715,301,2718,3892,383
2021-08-07,Newsletter_prenatal_WithApp,US,2,2,11631,2,5653,734,5667,8726,924
2021-08-06,Hello_Email_prenatal_NoApp,US,644,601,820,601,397,75,401,668,97
2021-08-06,Newsletter_prenatal_WithApp,US,190520,189742,190906,189742,29431,4012,29511,45446,5188
2021-08-06,Hello_Email_postnatal_WithApp,US,1665,1607,2213,1607,909,63,913,1435,84
2021-08-06,Newsletter_postnatal_NohApp,US,63344,63027,63371,63027,9389,1460,9452,14932,1937
2021-08-06,,US,478,466,706,466,446,125,448,714,137
2021-08-06,Newsletter_postnatal_NoApp,US,109624,108997,109846,108997,12531,1532,12627,19417,2055
2021-08-06,Hello_Email_postnatall_NoApp,US,145,131,185,131,77,12,77,122,18
2021-08-05,Newsletter_postnatal_NoApp,US,0,0,425,0,422,26,422,571,31
2021-08-05,Newsletter_postnatal_NohApp,US,0,0,252,0,250,19,251,437,21
2021-08-05,,US,665,640,911,640,564,170,568,920,194
2021-08-05,Hello_Email_prenatal_WithApp,US,0,0,1,0,0,0,0,0,0
2021-08-05,Hello_Email_postnatall_NoApp,US,143,129,189,129,82,12,83,164,15
2021-08-05,Newsletter_prenatal_WithApp,US,0,0,713,0,714,42,715,1028,50
2021-08-05,Hello_Email_prenatal_NoApp,US,632,588,828,588,395,63,397,628,74
2021-08-05,Hello_Email_postnatal_WithApp,US,1695,1624,2264,1624,967,67,968,1525,73
2021-08-04,Newsletter_postnatal_NohApp,US,0,0,347,0,347,29,347,568,45
2021-08-04,,US,696,669,902,669,526,163,531,832,186
2021-08-04,Hello_Email_prenatal_NoApp,US,730,686,924,686,434,80,438,698,102
2021-08-04,Newsletter_prenatal_WithApp,US,0,0,905,0,907,69,908,1298,82
2021-08-04,Newsletter_postnatal_NoApp,US,0,0,486,0,481,22,482,710,23
2021-08-04,Hello_Email_postnatal_WithApp,US,1718,1644,2323,1644,984,80,984,1576,89
2021-08-04,Hello_Email_postnatall_NoApp,US,157,147,206,147,94,16,94,140,20
2021-08-03,Newsletter_postnatal_NoApp,US,0,0,715,0,714,45,715,1048,50
2021-08-03,Hello_Email_prenatal_NoApp,US,697,657,894,657,408,68,415,688,91
2021-08-03,Newsletter_prenatal_WithApp,US,0,0,1249,0,1251,120,1254,1842,140
2021-08-03,Hello_Email_postnatall_NoApp,US,131,122,165,122,73,10,73,109,15
2021-08-03,,US,626,598,868,598,538,156,542,885,184
2021-08-03,Newsletter_postnatal_NohApp,US,0,0,432,0,428,44,431,700,67
2021-08-03,Hello_Email_postnatal_WithApp,US,1855,1772,2484,1772,1047,87,1048,1742,97
2021-08-03,Hello_Email_prenatal_WithApp,US,1,1,1,1,0,0,0,0,0
2021-08-02,,US,619,588,865,588,522,159,532,866,186
2021-08-02,Newsletter_postnatal_NoApp,US,0,0,973,0,956,83,959,1386,97
2021-08-02,Hello_Email_postnatal_WithApp,US,1711,1641,2409,1641,1118,89,1120,1805,99
2021-08-02,Newsletter_prenatal_WithApp,US,0,0,4141,0,1903,174,1909,2884,207
2021-08-02,Newsletter_postnatal_NohApp,US,0,0,702,0,697,73,700,1075,92
2021-08-02,Hello_Email_postnatall_NoApp,US,128,107,162,107,64,10,65,107,11
2021-08-02,Hello_Email_prenatal_NoApp,US,714,675,946,675,450,68,454,745,82
2021-08-01,Newsletter_postnatal_NoApp,US,0,0,1290,0,1257,134,1259,1811,181
2021-08-01,Hello_Email_postnatall_NoApp,USA,118,103,147,103,61,11,61,98,14
2021-08-01,,US,595,572,752,572,428,151,435,693,176
2021-08-01,Newsletter_postnatal_NohApp,US,0,0,934,0,923,161,925,1470,203
2021-08-01,Hello_Email_prenatal_NoApp,US,523,486,712,486,335,66,337,488,75
2021-08-01,Hello_Email_postnatal_WithApp,US,1789,1733,2278,1733,934,87,937,1488,99
2021-08-01,Newsletter_prenatal_WithApp,US,0,0,9863,0,2412,211,2413,3626,270
